%Change,,-10.0,-10.0,-10.0,-10.0,-10.0,-10.0,-10.0,-10.0,-10.0,-10.0,-10.0,-10.0,-10.0,-10.0,-10.0,-10.0,-10.0,-10.0,-10.0,-10.0,-10.0,-10.0,-10.0,-10.0,-10.0,-10.0,-10.0,-10.0,-10.0,-10.0,-10.0,-10.0,-10.0,-10.0,10.0,10.0,10.0,10.0,10.0,10.0,10.0,10.0,10.0,10.0,10.0,10.0,10.0,10.0,10.0,10.0,10.0,10.0,10.0,10.0,10.0,10.0,10.0,10.0,10.0,10.0,10.0,10.0,10.0,10.0,10.0,10.0,10.0,10.0,0.0,0.0,0.0,0.0,0.0,0.0,0.0,0.0,0.0,0.0,0.0,0.0,0.0,0.0,0.0,0.0,0.0,0.0,0.0,0.0,0.0,0.0,0.0,0.0,0.0,0.0,0.0,0.0,0.0,0.0,0.0,0.0,0.0,0.0
Variable,,A,Air Density @25C and 1.02 atm (kg/m^3),Air Flow Rate (L/min),Air Flow Rate (scfm),Air Molar Flow Rate (mol/min),CO2 Flow Rate (L/min),CO2 Molar Flow Rate (mol/min),CO2 concentration in gas-phase @inlet (% v/v),CO2 concentration in gas-phase @outlet (% v/v),CO2 mole fraction in Liquid-phase @inlet,CO2 mole fraction in Liquid-phase @outlet,CO2 mole fraction in gas-phase @Equilibrium,CO2 mole fraction in gas-phase @inlet,CO2 mole fraction in gas-phase @outlet,CO2_transferred,D Diameter (m),H,HOG,K,Kya,L_V,Lt Height (m),Molar Mass Air (g/mol),Molar Mass Water (g/mol),NOG,R,Room Pressure (atm),Room Temp (K),V,Water Flow Rate (L/min),Water Flow Rate (gpm),Water Molar Flow Rate (mol/min),Water Temp (K),superficial_velocity,A,Air Density @25C and 1.02 atm (kg/m^3),Air Flow Rate (L/min),Air Flow Rate (scfm),Air Molar Flow Rate (mol/min),CO2 Flow Rate (L/min),CO2 Molar Flow Rate (mol/min),CO2 concentration in gas-phase @inlet (% v/v),CO2 concentration in gas-phase @outlet (% v/v),CO2 mole fraction in Liquid-phase @inlet,CO2 mole fraction in Liquid-phase @outlet,CO2 mole fraction in gas-phase @Equilibrium,CO2 mole fraction in gas-phase @inlet,CO2 mole fraction in gas-phase @outlet,CO2_transferred,D Diameter (m),H,HOG,K,Kya,L_V,Lt Height (m),Molar Mass Air (g/mol),Molar Mass Water (g/mol),NOG,R,Room Pressure (atm),Room Temp (K),V,Water Flow Rate (L/min),Water Flow Rate (gpm),Water Molar Flow Rate (mol/min),Water Temp (K),superficial_velocity,A,Air Density @25C and 1.02 atm (kg/m^3),Air Flow Rate (L/min),Air Flow Rate (scfm),Air Molar Flow Rate (mol/min),CO2 Flow Rate (L/min),CO2 Molar Flow Rate (mol/min),CO2 concentration in gas-phase @inlet (% v/v),CO2 concentration in gas-phase @outlet (% v/v),CO2 mole fraction in Liquid-phase @inlet,CO2 mole fraction in Liquid-phase @outlet,CO2 mole fraction in gas-phase @Equilibrium,CO2 mole fraction in gas-phase @inlet,CO2 mole fraction in gas-phase @outlet,CO2_transferred,D Diameter (m),H,HOG,K,Kya,L_V,Lt Height (m),Molar Mass Air (g/mol),Molar Mass Water (g/mol),NOG,R,Room Pressure (atm),Room Temp (K),V,Water Flow Rate (L/min),Water Flow Rate (gpm),Water Molar Flow Rate (mol/min),Water Temp (K),superficial_velocity
Parameter,Run,,,,,,,,,,,,,,,,,,,,,,,,,,,,,,,,,,,,,,,,,,,,,,,,,,,,,,,,,,,,,,,,,,,,,,,,,,,,,,,,,,,,,,,,,,,,,,,,,,,,,,
Water Flow Rate (gpm),1,0.06591830179090823,1.21049,158.5743409152,5.6,6.6271238415878795,12.5,0.522149158579622,6.05,5.62,0.0,0.004617376681119227,3.753964781397746e-06,0.0605,0.0562,0.030741873900720244,0.1,1230.0,20.353341640192546,1203.5225048923678,5.769996485097921,79.33415968964492,1.5,28.9647,18.02,0.07369797188673387,0.08206,1.022,298.15,171.0743409152,10.2206118168,2.7,567.1815658601554,298.15,0.33650520272257956,0.08056681329999896,1.21049,158.5743409152,5.6,6.6271238415878795,12.5,0.522149158579622,6.05,5.62,0.0,0.004617376681119227,3.753964781397746e-06,0.0605,0.0562,0.030741873900720244,0.1,1230.0,8.290171874727774,1203.5225048923678,5.769996485097921,96.96397295401047,1.5,28.9647,18.02,0.18093714131219454,0.08206,1.022,298.15,171.0743409152,12.491858887200001,3.3000000000000003,693.221913829079,298.15,0.33650520272257956,0.07324255754545358,1.21049,158.5743409152,5.6,6.6271238415878795,12.5,0.522149158579622,6.05,5.62,0.0,0.004617376681119227,3.753964781397746e-06,0.0605,0.0562,0.030741873900720244,0.1,1230.0,5.507544417720072,1203.5225048923678,5.769996485097921,88.14906632182769,1.5,28.9647,18.02,0.2723536818284884,0.08206,1.022,298.15,171.0743409152,11.356235351999999,3.0,630.2017398446171,298.15,0.33650520272257956
Water Flow Rate (gpm),2,0.07059234563933345,1.21049,147.24760227840002,5.2,6.153757852903032,12.5,0.522149158579622,6.51,6.1,0.0,0.004428190777089181,3.600155103324537e-06,0.06509999999999999,0.061,0.027371218747078832,0.1,1230.0,9.134049652077454,1203.5225048923678,4.957924785747473,84.95947665007841,1.5,28.9647,18.02,0.1642206969675098,0.08206,1.022,298.15,159.74760227840002,10.2206118168,2.7,567.1815658601554,298.15,0.3124691168138239,0.08627953355918536,1.21049,147.24760227840002,5.2,6.153757852903032,12.5,0.522149158579622,6.51,6.1,0.0,0.004428190777089181,3.600155103324537e-06,0.06509999999999999,0.061,0.027371218747078832,0.1,1230.0,12.768448951189594,1203.5225048923678,4.957924785747473,103.83936035009587,1.5,28.9647,18.02,0.11747707225318467,0.08206,1.022,298.15,159.74760227840002,12.491858887200001,3.3000000000000003,693.221913829079,298.15,0.3124691168138239,0.0784359395992594,1.21049,147.24760227840002,5.2,6.153757852903032,12.5,0.522149158579622,6.51,6.1,0.0,0.004428190777089181,3.600155103324537e-06,0.06509999999999999,0.061,0.027371218747078832,0.1,1230.0,11.302868391909985,1203.5225048923678,4.957924785747473,94.39941850008714,1.5,28.9647,18.02,0.13270967580880824,0.08206,1.022,298.15,159.74760227840002,11.356235351999999,3.0,630.2017398446171,298.15,0.3124691168138239
Water Flow Rate (gpm),3,0.0759798175422718,1.21049,135.92086364160002,4.8,5.680391864218183,12.5,0.522149158579622,7.0,6.61,0.0,0.004240435310838139,3.447508382795235e-06,0.07,0.0661,0.024189909988911445,0.1,1230.0,14.429520515683345,1203.5225048923678,4.2399212665688815,91.44342032974004,1.5,28.9647,18.02,0.10395355814974312,0.08206,1.022,298.15,148.42086364160002,10.2206118168,2.7,567.1815658601554,298.15,0.2884330309050682,0.09286422144055445,1.21049,135.92086364160002,4.8,5.680391864218183,12.5,0.522149158579622,7.0,6.61,0.0,0.004240435310838139,3.447508382795235e-06,0.07,0.0661,0.024189909988911445,0.1,1230.0,17.060739868733695,1203.5225048923678,4.2399212665688815,111.76418040301563,1.5,28.9647,18.02,0.08792115767200517,0.08206,1.022,298.15,148.42086364160002,12.491858887200001,3.3000000000000003,693.221913829079,298.15,0.2884330309050682,0.08442201949141313,1.21049,135.92086364160002,4.8,5.680391864218183,12.5,0.522149158579622,7.0,6.61,0.0,0.004240435310838139,3.447508382795235e-06,0.07,0.0661,0.024189909988911445,0.1,1230.0,15.928048045695409,1203.5225048923678,4.2399212665688815,101.60380036637783,1.5,28.9647,18.02,0.0941734979513311,0.08206,1.022,298.15,148.42086364160002,11.356235351999999,3.0,630.2017398446171,298.15,0.2884330309050682
Water Flow Rate (gpm),4,0.08580220632059796,1.21049,118.93075568640002,4.2,4.970342881190911,12.5,0.522149158579622,8.29,7.66,0.0,0.006913701515882198,5.620895541367641e-06,0.08289999999999999,0.0766,0.03460269985055428,0.1,1230.0,7.647262317616952,1203.5225048923678,3.166496423373358,103.26488627625781,1.5,28.9647,18.02,0.19614862648878398,0.08206,1.022,298.15,131.4307556864,10.2206118168,2.7,567.1815658601554,298.15,0.2523789020419347,0.10486936328073086,1.21049,118.93075568640002,4.2,4.970342881190911,12.5,0.522149158579622,8.29,7.66,0.0,0.006913701515882198,5.620895541367641e-06,0.08289999999999999,0.0766,0.03460269985055428,0.1,1230.0,10.575038847098622,1203.5225048923678,3.166496423373358,126.21263878209291,1.5,28.9647,18.02,0.14184345057148812,0.08206,1.022,298.15,131.4307556864,12.491858887200001,3.3000000000000003,693.221913829079,298.15,0.2523789020419347,0.0953357848006644,1.21049,118.93075568640002,4.2,4.970342881190911,12.5,0.522149158579622,8.29,7.66,0.0,0.006913701515882198,5.620895541367641e-06,0.08289999999999999,0.0766,0.03460269985055428,0.1,1230.0,9.388098233476148,1203.5225048923678,3.166496423373358,114.73876252917535,1.5,28.9647,18.02,0.15977676870181112,0.08206,1.022,298.15,131.4307556864,11.356235351999999,3.0,630.2017398446171,298.15,0.2523789020419347
Water Flow Rate (gpm),5,0.09389442114303814,1.21049,107.60401704960002,3.8,4.496976892506062,12.5,0.522149158579622,8.91,8.22,0.0,0.007642312212980932,6.213261961773116e-06,0.0891,0.08220000000000001,0.034631969752491165,0.1,1230.0,8.714664044447087,1203.5225048923678,2.6676360095884717,113.00404892948816,1.5,28.9647,18.02,0.17212367480256313,0.08206,1.022,298.15,120.10401704960002,10.2206118168,2.7,567.1815658601554,298.15,0.228342816133179,0.11475984806371332,1.21049,107.60401704960002,3.8,4.496976892506062,12.5,0.522149158579622,8.91,8.22,0.0,0.007642312212980932,6.213261961773116e-06,0.0891,0.08220000000000001,0.034631969752491165,0.1,1230.0,11.096496097912803,1203.5225048923678,2.6676360095884717,138.1160598027078,1.5,28.9647,18.02,0.13517780628807166,0.08206,1.022,298.15,120.10401704960002,12.491858887200001,3.3000000000000003,693.221913829079,298.15,0.228342816133179,0.10432713460337573,1.21049,107.60401704960002,3.8,4.496976892506062,12.5,0.522149158579622,8.91,8.22,0.0,0.007642312212980932,6.213261961773116e-06,0.0891,0.08220000000000001,0.034631969752491165,0.1,1230.0,10.09774396335529,1203.5225048923678,2.6676360095884717,125.56005436609797,1.5,28.9647,18.02,0.14854803265397692,0.08206,1.022,298.15,120.10401704960002,11.356235351999999,3.0,630.2017398446171,298.15,0.228342816133179
Air Flow Rate (scfm),1,0.08072552930910934,1.21049,142.71690682368,5.04,5.964411457429092,12.5,0.522149158579622,6.05,5.62,0.0,0.004654672425468729,3.7842865247713245e-06,0.0605,0.0562,0.02789221064883746,0.1,1230.0,8.331409219549265,1203.5225048923678,5.192999537764583,97.15499124286153,1.5,28.9647,18.02,0.18004157045609037,0.08206,1.022,298.15,155.21690682368,11.356235351999999,3.0,630.2017398446171,298.15,0.3028546824503216,0.0670291882744074,1.21049,174.43177500672002,6.16,7.28983622574667,12.5,0.522149158579622,6.05,5.62,0.0,0.0045868599022412535,3.7291543920660596e-06,0.0605,0.0562,0.03359153715260304,0.1,1230.0,20.35335029497952,1203.5225048923678,6.346993432249779,80.67113657291692,1.5,28.9647,18.02,0.07369794054839213,0.08206,1.022,298.15,186.93177500672002,11.356235351999999,3.0,630.2017398446171,298.15,0.37015572299483757,0.07324255754545358,1.21049,158.5743409152,5.6,6.6271238415878795,12.5,0.522149158579622,6.05,5.62,0.0,0.004617376681119227,3.753964781397746e-06,0.0605,0.0562,0.030741873900720244,0.1,1230.0,5.507544417720072,1203.5225048923678,5.769996485097921,88.14906632182769,1.5,28.9647,18.02,0.2723536818284884,0.08206,1.022,298.15,171.0743409152,11.356235351999999,3.0,630.2017398446171,298.15,0.33650520272257956
Air Flow Rate (scfm),2,0.08640018829700963,1.21049,132.52284205056003,4.680000000000001,5.53838206761273,12.5,0.522149158579622,6.51,6.1,0.0,0.004466501821825911,3.631302294167407e-06,0.06509999999999999,0.061,0.024848178027388597,0.1,1230.0,12.787660342034307,1203.5225048923678,4.462134513183019,103.98457104238926,1.5,28.9647,18.02,0.11730058195785442,0.08206,1.022,298.15,145.02284205056003,11.356235351999999,3.0,630.2017398446171,298.15,0.28122220513244156,0.07181603755030312,1.21049,161.97236250624002,5.720000000000001,6.769133638193335,12.5,0.522149158579622,6.51,6.1,0.0,0.0043968431835758786,3.5746692549397385e-06,0.06509999999999999,0.061,0.029894259466769067,0.1,1230.0,9.549053686944541,1203.5225048923678,5.453715058159555,86.43221740398516,1.5,28.9647,18.02,0.15708362830243575,0.08206,1.022,298.15,174.47236250624002,11.356235351999999,3.0,630.2017398446171,298.15,0.34371602849520627,0.0784359395992594,1.21049,147.24760227840002,5.2,6.153757852903032,12.5,0.522149158579622,6.51,6.1,0.0,0.004428190777089181,3.600155103324537e-06,0.06509999999999999,0.061,0.027371218747078832,0.1,1230.0,11.302868391909985,1203.5225048923678,4.957924785747473,94.39941850008714,1.5,28.9647,18.02,0.13270967580880824,0.08206,1.022,298.15,159.74760227840002,11.356235351999999,3.0,630.2017398446171,298.15,0.3124691168138239
Air Flow Rate (scfm),3,0.09293297869607513,1.21049,122.32877727744003,4.32,5.112352677796365,12.5,0.522149158579622,7.0,6.61,0.0,0.004279929220764816,3.479617252654322e-06,0.07,0.0661,0.021974557161866356,0.1,1230.0,17.068864756283368,1203.5225048923678,3.81593094150741,111.84693130740939,1.5,28.9647,18.02,0.08787930664503167,0.08206,1.022,298.15,134.82877727744003,11.356235351999999,3.0,630.2017398446171,298.15,0.2595897278145614,0.07733916783230597,1.21049,149.51295000576005,5.28,6.248431050640002,12.5,0.522149158579622,7.0,6.61,0.0,0.004208119781440713,3.4212355946672465e-06,0.07,0.0661,0.026405262815956537,0.1,1230.0,14.703907733957136,1203.5225048923678,4.663911591501963,93.07942899582812,1.5,28.9647,18.02,0.10201369779653248,0.08206,1.022,298.15,162.01295000576005,11.356235351999999,3.0,630.2017398446171,298.15,0.3172763339955751,0.08442201949141313,1.21049,135.92086364160002,4.8,5.680391864218183,12.5,0.522149158579622,7.0,6.61,0.0,0.004240435310838139,3.447508382795235e-06,0.07,0.0661,0.024189909988911445,0.1,1230.0,15.928048045695409,1203.5225048923678,4.2399212665688815,101.60380036637783,1.5,28.9647,18.02,0.0941734979513311,0.08206,1.022,298.15,148.42086364160002,11.356235351999999,3.0,630.2017398446171,298.15,0.2884330309050682
Air Flow Rate (scfm),4,0.10482143282060973,1.21049,107.03768011776002,3.7800000000000002,4.47330859307182,12.5,0.522149158579622,8.29,7.66,0.0,0.006986219970061851,5.6798536341966275e-06,0.08289999999999999,0.0766,0.031471383835404015,0.1,1230.0,10.569927938741232,1203.5225048923678,2.8498488902338845,126.15495339466727,1.5,28.9647,18.02,0.14191203655250598,0.08206,1.022,298.15,119.53768011776002,11.356235351999999,3.0,630.2017398446171,298.15,0.2271410118377412,0.08742444902273672,1.21049,130.82383125504003,4.620000000000001,5.4673771693100015,12.5,0.522149158579622,8.29,7.66,0.0,0.006854360356483916,5.572650696328387e-06,0.08289999999999999,0.0766,0.037734015865704545,0.1,1230.0,8.006749755643092,1203.5225048923678,3.483143956235611,105.21729187667921,1.5,28.9647,18.02,0.18734193596381754,0.08206,1.022,298.15,143.32383125504003,11.356235351999999,3.0,630.2017398446171,298.15,0.2776167922461282,0.0953357848006644,1.21049,118.93075568640002,4.2,4.970342881190911,12.5,0.522149158579622,8.29,7.66,0.0,0.006913701515882198,5.620895541367641e-06,0.08289999999999999,0.0766,0.03460269985055428,0.1,1230.0,9.388098233476148,1203.5225048923678,3.166496423373358,114.73876252917535,1.5,28.9647,18.02,0.15977676870181112,0.08206,1.022,298.15,131.4307556864,11.356235351999999,3.0,630.2017398446171,298.15,0.2523789020419347
Air Flow Rate (scfm),5,0.11459443012531138,1.21049,96.84361534464001,3.42,4.047279203255456,12.5,0.522149158579622,8.91,8.22,0.0,0.0077299676020470935,6.284526505729344e-06,0.0891,0.08220000000000001,0.031529055696661985,0.1,1230.0,11.082705684790104,1203.5225048923678,2.400874408571283,137.91697559112816,1.5,28.9647,18.02,0.13534601050162315,0.08206,1.022,298.15,109.34361534464001,11.356235351999999,3.0,630.2017398446171,298.15,0.2055085345198611,0.09574838465917108,1.21049,118.36441875456,4.18,4.9466745817566675,12.5,0.522149158579622,8.91,8.22,0.0,0.007570582647556033,6.154945241915474e-06,0.0891,0.08220000000000001,0.03773488380832034,0.1,1230.0,9.001071054613787,1203.5225048923678,2.934397610287438,115.23533574440354,1.5,28.9647,18.02,0.1666468346820934,0.08206,1.022,298.15,130.86441875456,11.356235351999999,3.0,630.2017398446171,298.15,0.2511770977464969,0.10432713460337573,1.21049,107.60401704960002,3.8,4.496976892506062,12.5,0.522149158579622,8.91,8.22,0.0,0.007642312212980932,6.213261961773116e-06,0.0891,0.08220000000000001,0.034631969752491165,0.1,1230.0,10.09774396335529,1203.5225048923678,2.6676360095884717,125.56005436609797,1.5,28.9647,18.02,0.14854803265397692,0.08206,1.022,298.15,120.10401704960002,11.356235351999999,3.0,630.2017398446171,298.15,0.228342816133179
CO2 Flow Rate (L/min),1,0.07378142223192316,1.21049,158.5743409152,5.6,6.6271238415878795,11.25,0.4699342427216598,6.05,5.62,0.0,0.004583808121437825,3.7266732694616462e-06,0.0605,0.0562,0.030517349762531006,0.1,1230.0,5.8270717273116555,1203.5225048923678,5.769993783731831,88.7976020990856,1.5,28.9647,18.02,0.2574191755645389,0.08206,1.022,298.15,169.8243409152,11.356235351999999,3.0,630.2017398446171,298.15,0.33650520272257956,0.07271150701477819,1.21049,158.5743409152,5.6,6.6271238415878795,13.750000000000002,0.5743640744375842,6.05,5.62,0.0,0.004650942976802499,3.7812544526849588e-06,0.0605,0.0562,0.030966398038909482,0.1,1230.0,5.1425658399310334,1203.5225048923678,5.769999186284344,87.50993505692482,1.5,28.9647,18.02,0.2916831882545458,0.08206,1.022,298.15,172.3243409152,11.356235351999999,3.0,630.2017398446171,298.15,0.33650520272257956,0.07324255754545358,1.21049,158.5743409152,5.6,6.6271238415878795,12.5,0.522149158579622,6.05,5.62,0.0,0.004617376681119227,3.753964781397746e-06,0.0605,0.0562,0.030741873900720244,0.1,1230.0,5.507544417720072,1203.5225048923678,5.769996485097921,88.14906632182769,1.5,28.9647,18.02,0.2723536818284884,0.08206,1.022,298.15,171.0743409152,11.356235351999999,3.0,630.2017398446171,298.15,0.33650520272257956
CO2 Flow Rate (L/min),2,0.07905425426837284,1.21049,147.24760227840002,5.2,6.153757852903032,11.25,0.4699342427216598,6.51,6.1,0.0,0.00439370831564954,3.5721205818288942e-06,0.06509999999999999,0.061,0.02715713759206119,0.1,1230.0,11.437064898462218,1203.5225048923678,4.957922579577951,95.14357411947024,1.5,28.9647,18.02,0.13115253024416115,0.08206,1.022,298.15,158.49760227840002,11.356235351999999,3.0,630.2017398446171,298.15,0.3124691168138239,0.07782722203577816,1.21049,147.24760227840002,5.2,6.153757852903032,13.750000000000002,0.5743640744375842,6.51,6.1,0.0,0.004462670850036551,3.6281876829565452e-06,0.06509999999999999,0.061,0.027585299902096478,0.1,1230.0,11.166831074108241,1203.5225048923678,4.9579269917661515,93.66681321331421,1.5,28.9647,18.02,0.13432638051433823,0.08206,1.022,298.15,160.99760227840002,11.356235351999999,3.0,630.2017398446171,298.15,0.3124691168138239,0.0784359395992594,1.21049,147.24760227840002,5.2,6.153757852903032,12.5,0.522149158579622,6.51,6.1,0.0,0.004428190777089181,3.600155103324537e-06,0.06509999999999999,0.061,0.027371218747078832,0.1,1230.0,11.302868391909985,1203.5225048923678,4.957924785747473,94.39941850008714,1.5,28.9647,18.02,0.13270967580880824,0.08206,1.022,298.15,159.74760227840002,11.356235351999999,3.0,630.2017398446171,298.15,0.3124691168138239
CO2 Flow Rate (L/min),3,0.08513874386791885,1.21049,135.92086364160002,4.8,5.680391864218183,11.25,0.4699342427216598,7.0,6.61,0.0,0.004204888113139135,3.418608222064337e-06,0.07,0.0661,0.023986271817065394,0.1,1230.0,16.03604435465244,1203.5225048923678,4.2399194648393,102.46639428330741,1.5,28.9647,18.02,0.09353927731964735,0.08206,1.022,298.15,147.17086364160002,11.356235351999999,3.0,630.2017398446171,298.15,0.2884330309050682,0.08371726159397697,1.21049,135.92086364160002,4.8,5.680391864218183,13.750000000000002,0.5743640744375842,7.0,6.61,0.0,0.004275979970749714,3.4764064802843207e-06,0.07,0.0661,0.0243935481607575,0.1,1230.0,15.819355103271429,1203.5225048923678,4.239923068171357,100.75560837631278,1.5,28.9647,18.02,0.09482055306349381,0.08206,1.022,298.15,149.67086364160002,11.356235351999999,3.0,630.2017398446171,298.15,0.2884330309050682,0.08442201949141313,1.21049,135.92086364160002,4.8,5.680391864218183,12.5,0.522149158579622,7.0,6.61,0.0,0.004240435310838139,3.447508382795235e-06,0.07,0.0661,0.024189909988911445,0.1,1230.0,15.928048045695409,1203.5225048923678,4.2399212665688815,101.60380036637783,1.5,28.9647,18.02,0.0941734979513311,0.08206,1.022,298.15,148.42086364160002,11.356235351999999,3.0,630.2017398446171,298.15,0.2884330309050682
CO2 Flow Rate (L/min),4,0.09625080252278356,1.21049,118.93075568640002,4.2,4.970342881190911,11.25,0.4699342427216598,8.29,7.66,0.0,0.006848425850494032,5.567825894710595e-06,0.08289999999999999,0.0766,0.034273745880649124,0.1,1230.0,9.51971111885992,1203.5225048923678,3.166494313885795,115.84000695012111,1.5,28.9647,18.02,0.1575678065512181,0.08206,1.022,298.15,130.1807556864,11.356235351999999,3.0,630.2017398446171,298.15,0.2523789020419347,0.09443800065779527,1.21049,118.93075568640002,4.2,4.970342881190911,13.750000000000002,0.5743640744375842,8.29,7.66,0.0,0.0069789686012457835,5.673958212394946e-06,0.08289999999999999,0.0766,0.03493165382045944,0.1,1230.0,9.254380386157496,1203.5225048923678,3.166498532586465,113.65825910869684,1.5,28.9647,18.02,0.16208540576564887,0.08206,1.022,298.15,132.68075568640003,11.356235351999999,3.0,630.2017398446171,298.15,0.2523789020419347,0.0953357848006644,1.21049,118.93075568640002,4.2,4.970342881190911,12.5,0.522149158579622,8.29,7.66,0.0,0.006913701515882198,5.620895541367641e-06,0.08289999999999999,0.0766,0.03460269985055428,0.1,1230.0,9.388098233476148,1203.5225048923678,3.166496423373358,114.73876252917535,1.5,28.9647,18.02,0.15977676870181112,0.08206,1.022,298.15,131.4307556864,11.356235351999999,3.0,630.2017398446171,298.15,0.2523789020419347
CO2 Flow Rate (L/min),5,0.10542387912058315,1.21049,107.60401704960002,3.8,4.496976892506062,11.25,0.4699342427216598,8.91,8.22,0.0,0.007563409120686476,6.1491131062491675e-06,0.0891,0.08220000000000001,0.03427168683307123,0.1,1230.0,10.21699005959185,1203.5225048923678,2.6676340093142747,126.88001107467443,1.5,28.9647,18.02,0.14681427614699297,0.08206,1.022,298.15,118.85401704960002,11.356235351999999,3.0,630.2017398446171,298.15,0.228342816133179,0.10325297441763287,1.21049,107.60401704960002,3.8,4.496976892506062,13.750000000000002,0.5743640744375842,8.91,8.22,0.0,0.007721202759984135,6.27740061787328e-06,0.0891,0.08220000000000001,0.034992252671911105,0.1,1230.0,9.97702575331557,1203.5225048923678,2.6676380095476255,124.26727840869708,1.5,28.9647,18.02,0.15034540724739728,0.08206,1.022,298.15,121.35401704960002,11.356235351999999,3.0,630.2017398446171,298.15,0.228342816133179,0.10432713460337573,1.21049,107.60401704960002,3.8,4.496976892506062,12.5,0.522149158579622,8.91,8.22,0.0,0.007642312212980932,6.213261961773116e-06,0.0891,0.08220000000000001,0.034631969752491165,0.1,1230.0,10.09774396335529,1203.5225048923678,2.6676360095884717,125.56005436609797,1.5,28.9647,18.02,0.14854803265397692,0.08206,1.022,298.15,120.10401704960002,11.356235351999999,3.0,630.2017398446171,298.15,0.228342816133179
CO2 concentration in gas-phase @inlet (% v/v),1,0.07324255754545358,1.21049,158.5743409152,5.6,6.6271238415878795,12.5,0.522149158579622,5.445,5.62,0.0,-0.0018914528303773902,-1.5377665287621059e-06,0.054450000000000005,0.0562,-0.01251122775029309,0.1,1230.0,-57.136941310919156,1203.5225048923678,6.082673453368696,88.14906632182769,1.5,28.9647,18.02,-0.026252717866669256,0.08206,1.022,298.15,171.0743409152,11.356235351999999,3.0,630.2017398446171,298.15,0.33650520272257956,0.07324255754545358,1.21049,158.5743409152,5.6,6.6271238415878795,12.5,0.522149158579622,6.655,5.62,0.0,0.01104218229386933,8.977383978755552e-06,0.06655,0.0562,0.07399497555173362,0.1,1230.0,8.893626466090037,1203.5225048923678,5.496629918621254,88.14906632182769,1.5,28.9647,18.02,0.1686601079682465,0.08206,1.022,298.15,171.0743409152,11.356235351999999,3.0,630.2017398446171,298.15,0.33650520272257956,0.07324255754545358,1.21049,158.5743409152,5.6,6.6271238415878795,12.5,0.522149158579622,6.05,5.62,0.0,0.004617376681119227,3.753964781397746e-06,0.0605,0.0562,0.030741873900720244,0.1,1230.0,5.507544417720072,1203.5225048923678,5.769996485097921,88.14906632182769,1.5,28.9647,18.02,0.2723536818284884,0.08206,1.022,298.15,171.0743409152,11.356235351999999,3.0,630.2017398446171,298.15,0.33650520272257956
CO2 concentration in gas-phase @inlet (% v/v),2,0.0784359395992594,1.21049,147.24760227840002,5.2,6.153757852903032,12.5,0.522149158579622,5.859,6.1,0.0,-0.0026213430726275064,-2.1311732297784603e-06,0.05859,0.061,-0.016088935897673167,0.1,1230.0,-46.220096321322615,1203.5225048923678,5.226194250212569,94.39941850008714,1.5,28.9647,18.02,-0.03245341570843954,0.08206,1.022,298.15,159.74760227840002,11.356235351999999,3.0,630.2017398446171,298.15,0.3124691168138239,0.0784359395992594,1.21049,147.24760227840002,5.2,6.153757852903032,12.5,0.522149158579622,7.1610000000000005,6.1,0.0,0.011379284771533882,9.251451033767384e-06,0.07161000000000001,0.061,0.07083137339183102,0.1,1230.0,9.372631745848189,1203.5225048923678,4.723359121453906,94.39941850008714,1.5,28.9647,18.02,0.160040428416966,0.08206,1.022,298.15,159.74760227840002,11.356235351999999,3.0,630.2017398446171,298.15,0.3124691168138239,0.0784359395992594,1.21049,147.24760227840002,5.2,6.153757852903032,12.5,0.522149158579622,6.51,6.1,0.0,0.004428190777089181,3.600155103324537e-06,0.06509999999999999,0.061,0.027371218747078832,0.1,1230.0,11.302868391909985,1203.5225048923678,4.957924785747473,94.39941850008714,1.5,28.9647,18.02,0.13270967580880824,0.08206,1.022,298.15,159.74760227840002,11.356235351999999,3.0,630.2017398446171,298.15,0.3124691168138239
CO2 concentration in gas-phase @inlet (% v/v),3,0.08442201949141313,1.21049,135.92086364160002,4.8,5.680391864218183,12.5,0.522149158579622,6.3,6.61,0.0,-0.003396452958201838,-2.761343868456779e-06,0.063,0.0661,-0.01922787717067323,0.1,1230.0,-39.56192746356696,1203.5225048923678,4.469033945126853,101.60380036637783,1.5,28.9647,18.02,-0.03791524064092599,0.08206,1.022,298.15,148.42086364160002,11.356235351999999,3.0,630.2017398446171,298.15,0.2884330309050682,0.08442201949141313,1.21049,135.92086364160002,4.8,5.680391864218183,12.5,0.522149158579622,7.700000000000001,6.61,0.0,0.011761952384773896,9.562562914450322e-06,0.07700000000000001,0.0661,0.06760769714849613,0.1,1230.0,9.845014326204426,1203.5225048923678,4.039574899893822,101.60380036637783,1.5,28.9647,18.02,0.15236138316299422,0.08206,1.022,298.15,148.42086364160002,11.356235351999999,3.0,630.2017398446171,298.15,0.2884330309050682,0.08442201949141313,1.21049,135.92086364160002,4.8,5.680391864218183,12.5,0.522149158579622,7.0,6.61,0.0,0.004240435310838139,3.447508382795235e-06,0.07,0.0661,0.024189909988911445,0.1,1230.0,15.928048045695409,1203.5225048923678,4.2399212665688815,101.60380036637783,1.5,28.9647,18.02,0.0941734979513311,0.08206,1.022,298.15,148.42086364160002,11.356235351999999,3.0,630.2017398446171,298.15,0.2884330309050682
CO2 concentration in gas-phase @inlet (% v/v),4,0.0953357848006644,1.21049,118.93075568640002,4.2,4.970342881190911,12.5,0.522149158579622,7.460999999999999,7.66,0.0,-0.002203901863258396,-1.7917901327304032e-06,0.07461,0.0766,-0.010930059159143392,0.1,1230.0,-64.59445737375673,1203.5225048923678,3.338238106290138,114.73876252917535,1.5,28.9647,18.02,-0.023221806653172944,0.08206,1.022,298.15,131.4307556864,11.356235351999999,3.0,630.2017398446171,298.15,0.2523789020419347,0.0953357848006644,1.21049,118.93075568640002,4.2,4.970342881190911,12.5,0.522149158579622,9.119,7.66,0.0,0.01586690476915108,1.2899922576545595e-05,0.09119,0.0766,0.08013545886025203,0.1,1230.0,8.623930782463006,1203.5225048923678,3.016353648032719,114.73876252917535,1.5,28.9647,18.02,0.17393460567312183,0.08206,1.022,298.15,131.4307556864,11.356235351999999,3.0,630.2017398446171,298.15,0.2523789020419347,0.0953357848006644,1.21049,118.93075568640002,4.2,4.970342881190911,12.5,0.522149158579622,8.29,7.66,0.0,0.006913701515882198,5.620895541367641e-06,0.08289999999999999,0.0766,0.03460269985055428,0.1,1230.0,9.388098233476148,1203.5225048923678,3.166496423373358,114.73876252917535,1.5,28.9647,18.02,0.15977676870181112,0.08206,1.022,298.15,131.4307556864,11.356235351999999,3.0,630.2017398446171,298.15,0.2523789020419347
CO2 concentration in gas-phase @inlet (% v/v),5,0.10432713460337573,1.21049,107.60401704960002,3.8,4.496976892506062,12.5,0.522149158579622,8.019,8.22,0.0,-0.0022484274964777277,-1.827989834534738e-06,0.08019,0.08220000000000001,-0.010088443362682284,0.1,1230.0,-67.57782899815291,1203.5225048923678,2.812357125725997,125.56005436609797,1.5,28.9647,18.02,-0.022196629016315382,0.08206,1.022,298.15,120.10401704960002,11.356235351999999,3.0,630.2017398446171,298.15,0.228342816133179,0.10432713460337573,1.21049,107.60401704960002,3.8,4.496976892506062,12.5,0.522149158579622,9.801,8.22,0.0,0.017339745042970995,1.4097353693472353e-05,0.09801,0.08220000000000001,0.07935238286766462,0.1,1230.0,8.547523970237817,1203.5225048923678,2.541117309703526,125.56005436609797,1.5,28.9647,18.02,0.17548941719531272,0.08206,1.022,298.15,120.10401704960002,11.356235351999999,3.0,630.2017398446171,298.15,0.228342816133179,0.10432713460337573,1.21049,107.60401704960002,3.8,4.496976892506062,12.5,0.522149158579622,8.91,8.22,0.0,0.007642312212980932,6.213261961773116e-06,0.0891,0.08220000000000001,0.034631969752491165,0.1,1230.0,10.09774396335529,1203.5225048923678,2.6676360095884717,125.56005436609797,1.5,28.9647,18.02,0.14854803265397692,0.08206,1.022,298.15,120.10401704960002,11.356235351999999,3.0,630.2017398446171,298.15,0.228342816133179
CO2 concentration in gas-phase @outlet (% v/v),1,0.07324255754545358,1.21049,158.5743409152,5.6,6.6271238415878795,12.5,0.522149158579622,6.05,5.058,0.0,0.0105882824140444,8.60835968621496e-06,0.0605,0.05058,0.0709207881616616,0.1,1230.0,8.396883816579708,1203.5225048923678,6.075921460226011,88.14906632182769,1.5,28.9647,18.02,0.17863769855172215,0.08206,1.022,298.15,171.0743409152,11.356235351999999,3.0,630.2017398446171,298.15,0.33650520272257956,0.07324255754545358,1.21049,158.5743409152,5.6,6.6271238415878795,12.5,0.522149158579622,6.05,6.182,0.0,-0.001426033090364821,-1.1593764962315618e-06,0.0605,0.06182000000000001,-0.009437040360221164,0.1,1230.0,-79.36204560094227,1203.5225048923678,5.502156417320076,88.14906632182769,1.5,28.9647,18.02,-0.01890072248820903,0.08206,1.022,298.15,171.0743409152,11.356235351999999,3.0,630.2017398446171,298.15,0.33650520272257956,0.07324255754545358,1.21049,158.5743409152,5.6,6.6271238415878795,12.5,0.522149158579622,6.05,5.62,0.0,0.004617376681119227,3.753964781397746e-06,0.0605,0.0562,0.030741873900720244,0.1,1230.0,5.507544417720072,1203.5225048923678,5.769996485097921,88.14906632182769,1.5,28.9647,18.02,0.2723536818284884,0.08206,1.022,298.15,171.0743409152,11.356235351999999,3.0,630.2017398446171,298.15,0.33650520272257956
CO2 concentration in gas-phase @outlet (% v/v),2,0.0784359395992594,1.21049,147.24760227840002,5.2,6.153757852903032,12.5,0.522149158579622,6.51,5.49,0.0,0.010944370000172003,8.897861788757726e-06,0.06509999999999999,0.054900000000000004,0.06809425151712299,0.1,1230.0,8.822220902678135,1203.5225048923678,5.2211934734336705,94.39941850008714,1.5,28.9647,18.02,0.17002521434763093,0.08206,1.022,298.15,159.74760227840002,11.356235351999999,3.0,630.2017398446171,298.15,0.3124691168138239,0.0784359395992594,1.21049,147.24760227840002,5.2,6.153757852903032,12.5,0.522149158579622,6.51,6.71,0.0,-0.0021744187499041228,-1.7678201218732705e-06,0.06509999999999999,0.06709999999999999,-0.01335181402296532,0.1,1230.0,-58.69663448718833,1203.5225048923678,4.727452348666379,94.39941850008714,1.5,28.9647,18.02,-0.02555512787240645,0.08206,1.022,298.15,159.74760227840002,11.356235351999999,3.0,630.2017398446171,298.15,0.3124691168138239,0.0784359395992594,1.21049,147.24760227840002,5.2,6.153757852903032,12.5,0.522149158579622,6.51,6.1,0.0,0.004428190777089181,3.600155103324537e-06,0.06509999999999999,0.061,0.027371218747078832,0.1,1230.0,11.302868391909985,1203.5225048923678,4.957924785747473,94.39941850008714,1.5,28.9647,18.02,0.13270967580880824,0.08206,1.022,298.15,159.74760227840002,11.356235351999999,3.0,630.2017398446171,298.15,0.3124691168138239
CO2 concentration in gas-phase @outlet (% v/v),3,0.08442201949141313,1.21049,135.92086364160002,4.8,5.680391864218183,12.5,0.522149158579622,7.0,5.949000000000001,0.0,0.01134588669521208,9.224298126188683e-06,0.07,0.05949000000000001,0.06518870614960492,0.1,1230.0,9.239168749078091,1203.5225048923678,4.465368552176291,101.60380036637783,1.5,28.9647,18.02,0.16235226790826543,0.08206,1.022,298.15,148.42086364160002,11.356235351999999,3.0,630.2017398446171,298.15,0.2884330309050682,0.08442201949141313,1.21049,135.92086364160002,4.8,5.680391864218183,12.5,0.522149158579622,7.0,7.271000000000001,0.0,-0.002967889097226601,-2.412917965224879e-06,0.07,0.07271000000000001,-0.016808886171782077,0.1,1230.0,-47.91998898918289,1203.5225048923678,4.042575175302652,101.60380036637783,1.5,28.9647,18.02,-0.03130217747626359,0.08206,1.022,298.15,148.42086364160002,11.356235351999999,3.0,630.2017398446171,298.15,0.2884330309050682,0.08442201949141313,1.21049,135.92086364160002,4.8,5.680391864218183,12.5,0.522149158579622,7.0,6.61,0.0,0.004240435310838139,3.447508382795235e-06,0.07,0.0661,0.024189909988911445,0.1,1230.0,15.928048045695409,1203.5225048923678,4.2399212665688815,101.60380036637783,1.5,28.9647,18.02,0.0941734979513311,0.08206,1.022,298.15,148.42086364160002,11.356235351999999,3.0,630.2017398446171,298.15,0.2884330309050682
CO2 concentration in gas-phase @outlet (% v/v),4,0.0953357848006644,1.21049,118.93075568640002,4.2,4.970342881190911,12.5,0.522149158579622,8.29,6.894,0.0,0.015192176412039723,1.2351362936617662e-05,0.08289999999999999,0.06894,0.07667518887519656,0.1,1230.0,8.156265971031173,1203.5225048923678,3.334234007196957,114.73876252917535,1.5,28.9647,18.02,0.18390768586110237,0.08206,1.022,298.15,131.4307556864,11.356235351999999,3.0,630.2017398446171,298.15,0.2523789020419347,0.0953357848006644,1.21049,118.93075568640002,4.2,4.970342881190911,12.5,0.522149158579622,8.29,8.426,0.0,-0.001505134029339528,-1.2236862027150635e-06,0.08289999999999999,0.08426,-0.007469789174088002,0.1,1230.0,-99.88177577672798,1203.5225048923678,3.019631198903985,114.73876252917535,1.5,28.9647,18.02,-0.015017754623756836,0.08206,1.022,298.15,131.4307556864,11.356235351999999,3.0,630.2017398446171,298.15,0.2523789020419347,0.0953357848006644,1.21049,118.93075568640002,4.2,4.970342881190911,12.5,0.522149158579622,8.29,7.66,0.0,0.006913701515882198,5.620895541367641e-06,0.08289999999999999,0.0766,0.03460269985055428,0.1,1230.0,9.388098233476148,1203.5225048923678,3.166496423373358,114.73876252917535,1.5,28.9647,18.02,0.15977676870181112,0.08206,1.022,298.15,131.4307556864,11.356235351999999,3.0,630.2017398446171,298.15,0.2523789020419347
CO2 concentration in gas-phase @outlet (% v/v),5,0.10432713460337573,1.21049,107.60401704960002,3.8,4.496976892506062,12.5,0.522149158579622,8.91,7.398000000000001,0.0,0.016595540868975907,1.3492309649573908e-05,0.0891,0.07398,0.07588918589241551,0.1,1230.0,8.087947191503021,1203.5225048923678,2.808911161387755,125.56005436609797,1.5,28.9647,18.02,0.18546115157327678,0.08206,1.022,298.15,120.10401704960002,11.356235351999999,3.0,630.2017398446171,298.15,0.228342816133179,0.10432713460337573,1.21049,107.60401704960002,3.8,4.496976892506062,12.5,0.522149158579622,8.91,9.042000000000002,0.0,-0.001475440435307536,-1.1995450693557204e-06,0.0891,0.09042000000000001,-0.0066252463874331815,0.1,1230.0,-109.0622390444587,1203.5225048923678,2.543938054401469,125.56005436609797,1.5,28.9647,18.02,-0.013753614570378773,0.08206,1.022,298.15,120.10401704960002,11.356235351999999,3.0,630.2017398446171,298.15,0.228342816133179,0.10432713460337573,1.21049,107.60401704960002,3.8,4.496976892506062,12.5,0.522149158579622,8.91,8.22,0.0,0.007642312212980932,6.213261961773116e-06,0.0891,0.08220000000000001,0.034631969752491165,0.1,1230.0,10.09774396335529,1203.5225048923678,2.6676360095884717,125.56005436609797,1.5,28.9647,18.02,0.14854803265397692,0.08206,1.022,298.15,120.10401704960002,11.356235351999999,3.0,630.2017398446171,298.15,0.228342816133179
D Diameter (m),1,0.07324255754545358,1.21049,158.5743409152,5.6,6.6271238415878795,12.5,0.522149158579622,6.05,5.62,0.0,0.004617376681119227,3.753964781397746e-06,0.0605,0.0562,0.030741873900720244,0.09000000000000001,1230.0,5.507544417720072,1203.5225048923678,7.123452450738173,88.14906632182769,1.5,28.9647,18.02,0.2723536818284884,0.08206,1.022,298.15,171.0743409152,11.356235351999999,3.0,630.2017398446171,298.15,0.4154385218797278,0.07324255754545358,1.21049,158.5743409152,5.6,6.6271238415878795,12.5,0.522149158579622,6.05,5.62,0.0,0.004617376681119227,3.753964781397746e-06,0.0605,0.0562,0.030741873900720244,0.11000000000000001,1230.0,5.507544417720072,1203.5225048923678,4.768592136444562,88.14906632182769,1.5,28.9647,18.02,0.2723536818284884,0.08206,1.022,298.15,171.0743409152,11.356235351999999,3.0,630.2017398446171,298.15,0.2781034733244459,0.07324255754545358,1.21049,158.5743409152,5.6,6.6271238415878795,12.5,0.522149158579622,6.05,5.62,0.0,0.004617376681119227,3.753964781397746e-06,0.0605,0.0562,0.030741873900720244,0.1,1230.0,5.507544417720072,1203.5225048923678,5.769996485097921,88.14906632182769,1.5,28.9647,18.02,0.2723536818284884,0.08206,1.022,298.15,171.0743409152,11.356235351999999,3.0,630.2017398446171,298.15,0.33650520272257956
D Diameter (m),2,0.0784359395992594,1.21049,147.24760227840002,5.2,6.153757852903032,12.5,0.522149158579622,6.51,6.1,0.0,0.004428190777089181,3.600155103324537e-06,0.06509999999999999,0.061,0.027371218747078832,0.09000000000000001,1230.0,11.302868391909985,1203.5225048923678,6.120894797219102,94.39941850008714,1.5,28.9647,18.02,0.13270967580880824,0.08206,1.022,298.15,159.74760227840002,11.356235351999999,3.0,630.2017398446171,298.15,0.3857643417454616,0.0784359395992594,1.21049,147.24760227840002,5.2,6.153757852903032,12.5,0.522149158579622,6.51,6.1,0.0,0.004428190777089181,3.600155103324537e-06,0.06509999999999999,0.061,0.027371218747078832,0.11000000000000001,1230.0,11.302868391909985,1203.5225048923678,4.097458500617746,94.39941850008714,1.5,28.9647,18.02,0.13270967580880824,0.08206,1.022,298.15,159.74760227840002,11.356235351999999,3.0,630.2017398446171,298.15,0.25823893951555693,0.0784359395992594,1.21049,147.24760227840002,5.2,6.153757852903032,12.5,0.522149158579622,6.51,6.1,0.0,0.004428190777089181,3.600155103324537e-06,0.06509999999999999,0.061,0.027371218747078832,0.1,1230.0,11.302868391909985,1203.5225048923678,4.957924785747473,94.39941850008714,1.5,28.9647,18.02,0.13270967580880824,0.08206,1.022,298.15,159.74760227840002,11.356235351999999,3.0,630.2017398446171,298.15,0.3124691168138239
D Diameter (m),3,0.08442201949141313,1.21049,135.92086364160002,4.8,5.680391864218183,12.5,0.522149158579622,7.0,6.61,0.0,0.004240435310838139,3.447508382795235e-06,0.07,0.0661,0.024189909988911445,0.09000000000000001,1230.0,15.928048045695409,1203.5225048923678,5.234470699467754,101.60380036637783,1.5,28.9647,18.02,0.0941734979513311,0.08206,1.022,298.15,148.42086364160002,11.356235351999999,3.0,630.2017398446171,298.15,0.3560901616111953,0.08442201949141313,1.21049,135.92086364160002,4.8,5.680391864218183,12.5,0.522149158579622,7.0,6.61,0.0,0.004240435310838139,3.447508382795235e-06,0.07,0.0661,0.024189909988911445,0.11000000000000001,1230.0,15.928048045695409,1203.5225048923678,3.504067162453621,101.60380036637783,1.5,28.9647,18.02,0.0941734979513311,0.08206,1.022,298.15,148.42086364160002,11.356235351999999,3.0,630.2017398446171,298.15,0.23837440570666793,0.08442201949141313,1.21049,135.92086364160002,4.8,5.680391864218183,12.5,0.522149158579622,7.0,6.61,0.0,0.004240435310838139,3.447508382795235e-06,0.07,0.0661,0.024189909988911445,0.1,1230.0,15.928048045695409,1203.5225048923678,4.2399212665688815,101.60380036637783,1.5,28.9647,18.02,0.0941734979513311,0.08206,1.022,298.15,148.42086364160002,11.356235351999999,3.0,630.2017398446171,298.15,0.2884330309050682
D Diameter (m),4,0.0953357848006644,1.21049,118.93075568640002,4.2,4.970342881190911,12.5,0.522149158579622,8.29,7.66,0.0,0.006913701515882198,5.620895541367641e-06,0.08289999999999999,0.0766,0.03460269985055428,0.09000000000000001,1230.0,9.388098233476148,1203.5225048923678,3.909254843670812,114.73876252917535,1.5,28.9647,18.02,0.15977676870181112,0.08206,1.022,298.15,131.4307556864,11.356235351999999,3.0,630.2017398446171,298.15,0.3115788914097959,0.0953357848006644,1.21049,118.93075568640002,4.2,4.970342881190911,12.5,0.522149158579622,8.29,7.66,0.0,0.006913701515882198,5.620895541367641e-06,0.08289999999999999,0.0766,0.03460269985055428,0.11000000000000001,1230.0,9.388098233476148,1203.5225048923678,2.616939192870544,114.73876252917535,1.5,28.9647,18.02,0.15977676870181112,0.08206,1.022,298.15,131.4307556864,11.356235351999999,3.0,630.2017398446171,298.15,0.20857760499333444,0.0953357848006644,1.21049,118.93075568640002,4.2,4.970342881190911,12.5,0.522149158579622,8.29,7.66,0.0,0.006913701515882198,5.620895541367641e-06,0.08289999999999999,0.0766,0.03460269985055428,0.1,1230.0,9.388098233476148,1203.5225048923678,3.166496423373358,114.73876252917535,1.5,28.9647,18.02,0.15977676870181112,0.08206,1.022,298.15,131.4307556864,11.356235351999999,3.0,630.2017398446171,298.15,0.2523789020419347
D Diameter (m),5,0.10432713460337573,1.21049,107.60401704960002,3.8,4.496976892506062,12.5,0.522149158579622,8.91,8.22,0.0,0.007642312212980932,6.213261961773116e-06,0.0891,0.08220000000000001,0.034631969752491165,0.09000000000000001,1230.0,10.09774396335529,1203.5225048923678,3.293377789615397,125.56005436609797,1.5,28.9647,18.02,0.14854803265397692,0.08206,1.022,298.15,120.10401704960002,11.356235351999999,3.0,630.2017398446171,298.15,0.28190471127552963,0.10432713460337573,1.21049,107.60401704960002,3.8,4.496976892506062,12.5,0.522149158579622,8.91,8.22,0.0,0.007642312212980932,6.213261961773116e-06,0.0891,0.08220000000000001,0.034631969752491165,0.11000000000000001,1230.0,10.09774396335529,1203.5225048923678,2.204657859164026,125.56005436609797,1.5,28.9647,18.02,0.14854803265397692,0.08206,1.022,298.15,120.10401704960002,11.356235351999999,3.0,630.2017398446171,298.15,0.18871307118444544,0.10432713460337573,1.21049,107.60401704960002,3.8,4.496976892506062,12.5,0.522149158579622,8.91,8.22,0.0,0.007642312212980932,6.213261961773116e-06,0.0891,0.08220000000000001,0.034631969752491165,0.1,1230.0,10.09774396335529,1203.5225048923678,2.6676360095884717,125.56005436609797,1.5,28.9647,18.02,0.14854803265397692,0.08206,1.022,298.15,120.10401704960002,11.356235351999999,3.0,630.2017398446171,298.15,0.228342816133179
Lt Height (m),1,0.07324255754545358,1.21049,158.5743409152,5.6,6.6271238415878795,12.5,0.522149158579622,6.05,5.62,0.0,0.004617376681119227,3.753964781397746e-06,0.0605,0.0562,0.030741873900720244,0.1,1230.0,4.956789975948065,1203.5225048923678,5.769996485097921,88.14906632182769,1.35,28.9647,18.02,0.2723536818284884,0.08206,1.022,298.15,171.0743409152,11.356235351999999,3.0,630.2017398446171,298.15,0.33650520272257956,0.07324255754545358,1.21049,158.5743409152,5.6,6.6271238415878795,12.5,0.522149158579622,6.05,5.62,0.0,0.004617376681119227,3.753964781397746e-06,0.0605,0.0562,0.030741873900720244,0.1,1230.0,6.05829885949208,1203.5225048923678,5.769996485097921,88.14906632182769,1.6500000000000001,28.9647,18.02,0.2723536818284884,0.08206,1.022,298.15,171.0743409152,11.356235351999999,3.0,630.2017398446171,298.15,0.33650520272257956,0.07324255754545358,1.21049,158.5743409152,5.6,6.6271238415878795,12.5,0.522149158579622,6.05,5.62,0.0,0.004617376681119227,3.753964781397746e-06,0.0605,0.0562,0.030741873900720244,0.1,1230.0,5.507544417720072,1203.5225048923678,5.769996485097921,88.14906632182769,1.5,28.9647,18.02,0.2723536818284884,0.08206,1.022,298.15,171.0743409152,11.356235351999999,3.0,630.2017398446171,298.15,0.33650520272257956
Lt Height (m),2,0.0784359395992594,1.21049,147.24760227840002,5.2,6.153757852903032,12.5,0.522149158579622,6.51,6.1,0.0,0.004428190777089181,3.600155103324537e-06,0.06509999999999999,0.061,0.027371218747078832,0.1,1230.0,10.172581552718988,1203.5225048923678,4.957924785747473,94.39941850008714,1.35,28.9647,18.02,0.13270967580880824,0.08206,1.022,298.15,159.74760227840002,11.356235351999999,3.0,630.2017398446171,298.15,0.3124691168138239,0.0784359395992594,1.21049,147.24760227840002,5.2,6.153757852903032,12.5,0.522149158579622,6.51,6.1,0.0,0.004428190777089181,3.600155103324537e-06,0.06509999999999999,0.061,0.027371218747078832,0.1,1230.0,12.433155231100987,1203.5225048923678,4.957924785747473,94.39941850008714,1.6500000000000001,28.9647,18.02,0.13270967580880824,0.08206,1.022,298.15,159.74760227840002,11.356235351999999,3.0,630.2017398446171,298.15,0.3124691168138239,0.0784359395992594,1.21049,147.24760227840002,5.2,6.153757852903032,12.5,0.522149158579622,6.51,6.1,0.0,0.004428190777089181,3.600155103324537e-06,0.06509999999999999,0.061,0.027371218747078832,0.1,1230.0,11.302868391909985,1203.5225048923678,4.957924785747473,94.39941850008714,1.5,28.9647,18.02,0.13270967580880824,0.08206,1.022,298.15,159.74760227840002,11.356235351999999,3.0,630.2017398446171,298.15,0.3124691168138239
Lt Height (m),3,0.08442201949141313,1.21049,135.92086364160002,4.8,5.680391864218183,12.5,0.522149158579622,7.0,6.61,0.0,0.004240435310838139,3.447508382795235e-06,0.07,0.0661,0.024189909988911445,0.1,1230.0,14.33524324112587,1203.5225048923678,4.2399212665688815,101.60380036637783,1.35,28.9647,18.02,0.0941734979513311,0.08206,1.022,298.15,148.42086364160002,11.356235351999999,3.0,630.2017398446171,298.15,0.2884330309050682,0.08442201949141313,1.21049,135.92086364160002,4.8,5.680391864218183,12.5,0.522149158579622,7.0,6.61,0.0,0.004240435310838139,3.447508382795235e-06,0.07,0.0661,0.024189909988911445,0.1,1230.0,17.52085285026495,1203.5225048923678,4.2399212665688815,101.60380036637783,1.6500000000000001,28.9647,18.02,0.0941734979513311,0.08206,1.022,298.15,148.42086364160002,11.356235351999999,3.0,630.2017398446171,298.15,0.2884330309050682,0.08442201949141313,1.21049,135.92086364160002,4.8,5.680391864218183,12.5,0.522149158579622,7.0,6.61,0.0,0.004240435310838139,3.447508382795235e-06,0.07,0.0661,0.024189909988911445,0.1,1230.0,15.928048045695409,1203.5225048923678,4.2399212665688815,101.60380036637783,1.5,28.9647,18.02,0.0941734979513311,0.08206,1.022,298.15,148.42086364160002,11.356235351999999,3.0,630.2017398446171,298.15,0.2884330309050682
Lt Height (m),4,0.0953357848006644,1.21049,118.93075568640002,4.2,4.970342881190911,12.5,0.522149158579622,8.29,7.66,0.0,0.006913701515882198,5.620895541367641e-06,0.08289999999999999,0.0766,0.03460269985055428,0.1,1230.0,8.449288410128533,1203.5225048923678,3.166496423373358,114.73876252917535,1.35,28.9647,18.02,0.15977676870181112,0.08206,1.022,298.15,131.4307556864,11.356235351999999,3.0,630.2017398446171,298.15,0.2523789020419347,0.0953357848006644,1.21049,118.93075568640002,4.2,4.970342881190911,12.5,0.522149158579622,8.29,7.66,0.0,0.006913701515882198,5.620895541367641e-06,0.08289999999999999,0.0766,0.03460269985055428,0.1,1230.0,10.326908056823763,1203.5225048923678,3.166496423373358,114.73876252917535,1.6500000000000001,28.9647,18.02,0.15977676870181112,0.08206,1.022,298.15,131.4307556864,11.356235351999999,3.0,630.2017398446171,298.15,0.2523789020419347,0.0953357848006644,1.21049,118.93075568640002,4.2,4.970342881190911,12.5,0.522149158579622,8.29,7.66,0.0,0.006913701515882198,5.620895541367641e-06,0.08289999999999999,0.0766,0.03460269985055428,0.1,1230.0,9.388098233476148,1203.5225048923678,3.166496423373358,114.73876252917535,1.5,28.9647,18.02,0.15977676870181112,0.08206,1.022,298.15,131.4307556864,11.356235351999999,3.0,630.2017398446171,298.15,0.2523789020419347
Lt Height (m),5,0.10432713460337573,1.21049,107.60401704960002,3.8,4.496976892506062,12.5,0.522149158579622,8.91,8.22,0.0,0.007642312212980932,6.213261961773116e-06,0.0891,0.08220000000000001,0.034631969752491165,0.1,1230.0,9.087969567019762,1203.5225048923678,2.6676360095884717,125.56005436609797,1.35,28.9647,18.02,0.14854803265397692,0.08206,1.022,298.15,120.10401704960002,11.356235351999999,3.0,630.2017398446171,298.15,0.228342816133179,0.10432713460337573,1.21049,107.60401704960002,3.8,4.496976892506062,12.5,0.522149158579622,8.91,8.22,0.0,0.007642312212980932,6.213261961773116e-06,0.0891,0.08220000000000001,0.034631969752491165,0.1,1230.0,11.10751835969082,1203.5225048923678,2.6676360095884717,125.56005436609797,1.6500000000000001,28.9647,18.02,0.14854803265397692,0.08206,1.022,298.15,120.10401704960002,11.356235351999999,3.0,630.2017398446171,298.15,0.228342816133179,0.10432713460337573,1.21049,107.60401704960002,3.8,4.496976892506062,12.5,0.522149158579622,8.91,8.22,0.0,0.007642312212980932,6.213261961773116e-06,0.0891,0.08220000000000001,0.034631969752491165,0.1,1230.0,10.09774396335529,1203.5225048923678,2.6676360095884717,125.56005436609797,1.5,28.9647,18.02,0.14854803265397692,0.08206,1.022,298.15,120.10401704960002,11.356235351999999,3.0,630.2017398446171,298.15,0.228342816133179
Room Temp (K),1,0.07265297637819841,1.21049,158.5743409152,5.6,6.6271238415878795,12.5,0.5801657317551355,6.05,5.62,0.0,0.00465467242546873,3.7842865247713253e-06,0.0605,0.0562,0.030991345165374953,0.1,1230.0,5.0982397489476465,1203.5225048923678,5.769999486405092,87.43949211857539,1.5,28.9647,18.02,0.294219196009686,0.08206,1.022,268.335,171.0743409152,11.356235351999999,3.0,630.2017398446171,298.15,0.33650520272257956,0.07373210710184816,1.21049,158.5743409152,5.6,6.6271238415878795,12.5,0.47468105325420173,6.05,5.62,0.0,0.0045868599022412535,3.7291543920660596e-06,0.0605,0.0562,0.030537761047820935,0.1,1230.0,5.799484121844631,1203.5225048923678,5.76999402931798,88.73825023020864,1.5,28.9647,18.02,0.25864369459173514,0.08206,1.022,327.965,171.0743409152,11.356235351999999,3.0,630.2017398446171,298.15,0.33650520272257956,0.07324255754545358,1.21049,158.5743409152,5.6,6.6271238415878795,12.5,0.522149158579622,6.05,5.62,0.0,0.004617376681119227,3.753964781397746e-06,0.0605,0.0562,0.030741873900720244,0.1,1230.0,5.507544417720072,1203.5225048923678,5.769996485097921,88.14906632182769,1.5,28.9647,18.02,0.2723536818284884,0.08206,1.022,298.15,171.0743409152,11.356235351999999,3.0,630.2017398446171,298.15,0.33650520272257956
Room Temp (K),2,0.07776016946730867,1.21049,147.24760227840002,5.2,6.153757852903032,12.5,0.5801657317551355,6.51,6.1,0.0,0.004466501821825911,3.631302294167407e-06,0.06509999999999999,0.061,0.02760908669709844,0.1,1230.0,11.151598072522816,1203.5225048923678,4.95792723687002,93.58611393815035,1.5,28.9647,18.02,0.1345098693698397,0.08206,1.022,268.335,159.74760227840002,11.356235351999999,3.0,630.2017398446171,298.15,0.3124691168138239,0.07899764130533343,1.21049,147.24760227840002,5.2,6.153757852903032,12.5,0.47468105325420173,6.51,6.1,0.0,0.004396843183575879,3.5746692549397393e-06,0.06509999999999999,0.061,0.02717659951524461,0.1,1230.0,11.42493889495529,1203.5225048923678,4.957922780145051,95.07543914438367,1.5,28.9647,18.02,0.1312917306421944,0.08206,1.022,327.965,159.74760227840002,11.356235351999999,3.0,630.2017398446171,298.15,0.3124691168138239,0.0784359395992594,1.21049,147.24760227840002,5.2,6.153757852903032,12.5,0.522149158579622,6.51,6.1,0.0,0.004428190777089181,3.600155103324537e-06,0.06509999999999999,0.061,0.027371218747078832,0.1,1230.0,11.302868391909985,1203.5225048923678,4.957924785747473,94.39941850008714,1.5,28.9647,18.02,0.13270967580880824,0.08206,1.022,298.15,159.74760227840002,11.356235351999999,3.0,630.2017398446171,298.15,0.3124691168138239
Room Temp (K),3,0.08363968082646761,1.21049,135.92086364160002,4.8,5.680391864218183,12.5,0.5801657317551355,7.0,6.61,0.0,0.004279929220764815,3.4796172526543215e-06,0.07,0.0661,0.024416174624295947,0.1,1230.0,15.807234331822604,1203.5225048923678,4.239923268341566,100.66223817666845,1.5,28.9647,18.02,0.09489326016887403,0.08206,1.022,268.335,148.42086364160002,11.356235351999999,3.0,630.2017398446171,298.15,0.2884330309050682,0.08507308461553659,1.21049,135.92086364160002,4.8,5.680391864218183,12.5,0.47468105325420173,7.0,6.61,0.0,0.004208119781440712,3.4212355946672457e-06,0.07,0.0661,0.024004784378142303,0.1,1230.0,16.026254835176772,1203.5225048923678,4.239919628638147,102.38737189541095,1.5,28.9647,18.02,0.09359641509678109,0.08206,1.022,327.965,148.42086364160002,11.356235351999999,3.0,630.2017398446171,298.15,0.2884330309050682,0.08442201949141313,1.21049,135.92086364160002,4.8,5.680391864218183,12.5,0.522149158579622,7.0,6.61,0.0,0.004240435310838139,3.447508382795235e-06,0.07,0.0661,0.024189909988911445,0.1,1230.0,15.928048045695409,1203.5225048923678,4.2399212665688815,101.60380036637783,1.5,28.9647,18.02,0.0941734979513311,0.08206,1.022,298.15,148.42086364160002,11.356235351999999,3.0,630.2017398446171,298.15,0.2884330309050682
Room Temp (K),4,0.09433928953854877,1.21049,118.93075568640002,4.2,4.970342881190911,12.5,0.5801657317551355,8.29,7.66,0.0,0.006986219970061853,5.679853634196628e-06,0.08289999999999999,0.0766,0.03496820426156002,0.1,1230.0,9.239387382647694,1203.5225048923678,3.1664987669265385,113.53945805520057,1.5,28.9647,18.02,0.16234842613235587,0.08206,1.022,268.335,131.4307556864,11.356235351999999,3.0,630.2017398446171,298.15,0.2523789020419347,0.09616689392501039,1.21049,118.93075568640002,4.2,4.970342881190911,12.5,0.47468105325420173,8.29,7.66,0.0,0.006854360356483916,5.572650696328387e-06,0.08289999999999999,0.0766,0.034303650787004134,0.1,1230.0,9.507830107001288,1203.5225048923678,3.166494505668737,115.73902106434713,1.5,28.9647,18.02,0.1577647037356551,0.08206,1.022,327.965,131.4307556864,11.356235351999999,3.0,630.2017398446171,298.15,0.2523789020419347,0.0953357848006644,1.21049,118.93075568640002,4.2,4.970342881190911,12.5,0.522149158579622,8.29,7.66,0.0,0.006913701515882198,5.620895541367641e-06,0.08289999999999999,0.0766,0.03460269985055428,0.1,1230.0,9.388098233476148,1203.5225048923678,3.166496423373358,114.73876252917535,1.5,28.9647,18.02,0.15977676870181112,0.08206,1.022,298.15,131.4307556864,11.356235351999999,3.0,630.2017398446171,298.15,0.2523789020419347
Room Temp (K),5,0.10313498711278023,1.21049,107.60401704960002,3.8,4.496976892506062,12.5,0.5801657317551355,8.91,8.22,0.0,0.007729967602047095,6.284526505729346e-06,0.0891,0.08220000000000001,0.03503228410740221,0.1,1230.0,9.963518686021139,1203.5225048923678,2.6676382317458702,124.12527803201533,1.5,28.9647,18.02,0.1505492233486255,0.08206,1.022,268.335,120.10401704960002,11.356235351999999,3.0,630.2017398446171,298.15,0.228342816133179,0.10532322312508818,1.21049,107.60401704960002,3.8,4.496976892506062,12.5,0.47468105325420173,8.91,8.22,0.0,0.0075705826475560315,6.154945241915473e-06,0.0891,0.08220000000000001,0.03430443982574576,0.1,1230.0,10.206208554683622,1203.5225048923678,2.667634191170399,126.75886931884389,1.5,28.9647,18.02,0.1469693659465396,0.08206,1.022,327.965,120.10401704960002,11.356235351999999,3.0,630.2017398446171,298.15,0.228342816133179,0.10432713460337573,1.21049,107.60401704960002,3.8,4.496976892506062,12.5,0.522149158579622,8.91,8.22,0.0,0.007642312212980932,6.213261961773116e-06,0.0891,0.08220000000000001,0.034631969752491165,0.1,1230.0,10.09774396335529,1203.5225048923678,2.6676360095884717,125.56005436609797,1.5,28.9647,18.02,0.14854803265397692,0.08206,1.022,298.15,120.10401704960002,11.356235351999999,3.0,630.2017398446171,298.15,0.228342816133179
Room Pressure (atm),1,0.06640328000873084,1.21049,158.5743409152,5.6,6.6271238415878795,12.5,0.4699342427216598,6.05,5.62,0.0,0.004583808121437825,3.7266732694616462e-06,0.0605,0.0562,0.030517349762531006,0.1,1230.0,20.353351160487403,1337.2472276581864,5.769993783731831,88.7976020990856,1.5,28.9647,18.02,0.07369793741445374,0.08206,0.9198000000000001,298.15,171.0743409152,11.356235351999999,3.0,630.2017398446171,298.15,0.33650520272257956,0.079982657716256,1.21049,158.5743409152,5.6,6.6271238415878795,12.5,0.5743640744375842,6.05,5.62,0.0,0.004650942976802499,3.7812544526849588e-06,0.0605,0.0562,0.030966398038909482,0.1,1230.0,8.134480516073012,1094.1113680839708,5.769999186284344,87.50993505692482,1.5,28.9647,18.02,0.18440022039958584,0.08206,1.1242,298.15,171.0743409152,11.356235351999999,3.0,630.2017398446171,298.15,0.33650520272257956,0.07324255754545358,1.21049,158.5743409152,5.6,6.6271238415878795,12.5,0.522149158579622,6.05,5.62,0.0,0.004617376681119227,3.753964781397746e-06,0.0605,0.0562,0.030741873900720244,0.1,1230.0,5.507544417720072,1203.5225048923678,5.769996485097921,88.14906632182769,1.5,28.9647,18.02,0.2723536818284884,0.08206,1.022,298.15,171.0743409152,11.356235351999999,3.0,630.2017398446171,298.15,0.33650520272257956
Room Pressure (atm),2,0.07114882884153556,1.21049,147.24760227840002,5.2,6.153757852903032,12.5,0.4699342427216598,6.51,6.1,0.0,0.00439370831564954,3.5721205818288942e-06,0.06509999999999999,0.061,0.02715713759206119,0.1,1230.0,9.32769111364002,1337.2472276581864,4.957922579577951,95.14357411947024,1.5,28.9647,18.02,0.1608115000513394,0.08206,0.9198000000000001,298.15,159.74760227840002,11.356235351999999,3.0,630.2017398446171,298.15,0.3124691168138239,0.08560994423935597,1.21049,147.24760227840002,5.2,6.153757852903032,12.5,0.5743640744375842,6.51,6.1,0.0,0.004462670850036551,3.6281876829565452e-06,0.06509999999999999,0.061,0.027585299902096478,0.1,1230.0,12.660297090284434,1094.1113680839708,4.9579269917661515,93.66681321331421,1.5,28.9647,18.02,0.11848063195539908,0.08206,1.1242,298.15,159.74760227840002,11.356235351999999,3.0,630.2017398446171,298.15,0.3124691168138239,0.0784359395992594,1.21049,147.24760227840002,5.2,6.153757852903032,12.5,0.522149158579622,6.51,6.1,0.0,0.004428190777089181,3.600155103324537e-06,0.06509999999999999,0.061,0.027371218747078832,0.1,1230.0,11.302868391909985,1203.5225048923678,4.957924785747473,94.39941850008714,1.5,28.9647,18.02,0.13270967580880824,0.08206,1.022,298.15,159.74760227840002,11.356235351999999,3.0,630.2017398446171,298.15,0.3124691168138239
Room Pressure (atm),3,0.07662486948112697,1.21049,135.92086364160002,4.8,5.680391864218183,12.5,0.4699342427216598,7.0,6.61,0.0,0.004204888113139135,3.418608222064337e-06,0.07,0.0661,0.023986271817065394,0.1,1230.0,14.561597319089007,1337.2472276581864,4.2399194648393,102.46639428330741,1.5,28.9647,18.02,0.10301067713454955,0.08206,0.9198000000000001,298.15,148.42086364160002,11.356235351999999,3.0,630.2017398446171,298.15,0.2884330309050682,0.09208898775337467,1.21049,135.92086364160002,4.8,5.680391864218183,12.5,0.5743640744375842,7.0,6.61,0.0,0.004275979970749714,3.4764064802843207e-06,0.07,0.0661,0.0243935481607575,0.1,1230.0,16.968047694685648,1094.1113680839708,4.239923068171357,100.75560837631278,1.5,28.9647,18.02,0.08840144882842334,0.08206,1.1242,298.15,148.42086364160002,11.356235351999999,3.0,630.2017398446171,298.15,0.2884330309050682,0.08442201949141313,1.21049,135.92086364160002,4.8,5.680391864218183,12.5,0.522149158579622,7.0,6.61,0.0,0.004240435310838139,3.447508382795235e-06,0.07,0.0661,0.024189909988911445,0.1,1230.0,15.928048045695409,1203.5225048923678,4.2399212665688815,101.60380036637783,1.5,28.9647,18.02,0.0941734979513311,0.08206,1.022,298.15,148.42086364160002,11.356235351999999,3.0,630.2017398446171,298.15,0.2884330309050682
Room Pressure (atm),4,0.08662572227050522,1.21049,118.93075568640002,4.2,4.970342881190911,12.5,0.4699342427216598,8.29,7.66,0.0,0.006848425850494032,5.567825894710595e-06,0.08289999999999999,0.0766,0.034273745880649124,0.1,1230.0,7.834188835498841,1337.2472276581864,3.166494313885795,115.84000695012111,1.5,28.9647,18.02,0.1914684508500857,0.08206,0.9198000000000001,298.15,131.4307556864,11.356235351999999,3.0,630.2017398446171,298.15,0.2523789020419347,0.1038818007235748,1.21049,118.93075568640002,4.2,4.970342881190911,12.5,0.5743640744375842,8.29,7.66,0.0,0.0069789686012457835,5.673958212394946e-06,0.08289999999999999,0.0766,0.03493165382045944,0.1,1230.0,10.468260949811938,1094.1113680839708,3.166498532586465,113.65825910869684,1.5,28.9647,18.02,0.14329027592944626,0.08206,1.1242,298.15,131.4307556864,11.356235351999999,3.0,630.2017398446171,298.15,0.2523789020419347,0.0953357848006644,1.21049,118.93075568640002,4.2,4.970342881190911,12.5,0.522149158579622,8.29,7.66,0.0,0.006913701515882198,5.620895541367641e-06,0.08289999999999999,0.0766,0.03460269985055428,0.1,1230.0,9.388098233476148,1203.5225048923678,3.166496423373358,114.73876252917535,1.5,28.9647,18.02,0.15977676870181112,0.08206,1.022,298.15,131.4307556864,11.356235351999999,3.0,630.2017398446171,298.15,0.2523789020419347
Room Pressure (atm),5,0.09488149120852485,1.21049,107.60401704960002,3.8,4.496976892506062,12.5,0.4699342427216598,8.91,8.22,0.0,0.007563409120686476,6.1491131062491675e-06,0.0891,0.08220000000000001,0.03427168683307123,0.1,1230.0,8.869879270419503,1337.2472276581864,2.6676340093142747,126.88001107467443,1.5,28.9647,18.02,0.16911165916343496,0.08206,0.9198000000000001,298.15,120.10401704960002,11.356235351999999,3.0,630.2017398446171,298.15,0.228342816133179,0.11357827185939615,1.21049,107.60401704960002,3.8,4.496976892506062,12.5,0.5743640744375842,8.91,8.22,0.0,0.007721202759984135,6.27740061787328e-06,0.0891,0.08220000000000001,0.034992252671911105,0.1,1230.0,10.996740925452134,1094.1113680839708,2.6676380095476255,124.26727840869708,1.5,28.9647,18.02,0.13640405008798798,0.08206,1.1242,298.15,120.10401704960002,11.356235351999999,3.0,630.2017398446171,298.15,0.228342816133179,0.10432713460337573,1.21049,107.60401704960002,3.8,4.496976892506062,12.5,0.522149158579622,8.91,8.22,0.0,0.007642312212980932,6.213261961773116e-06,0.0891,0.08220000000000001,0.034631969752491165,0.1,1230.0,10.09774396335529,1203.5225048923678,2.6676360095884717,125.56005436609797,1.5,28.9647,18.02,0.14854803265397692,0.08206,1.022,298.15,120.10401704960002,11.356235351999999,3.0,630.2017398446171,298.15,0.228342816133179
Water Temp (K),1,0.07324255754545358,1.21049,158.5743409152,5.6,6.6271238415878795,12.5,0.522149158579622,6.05,5.62,0.0,0.004617376681119227,3.753964781397746e-06,0.0605,0.0562,0.030741873900720244,0.1,1230.0,5.507544417720072,1203.5225048923678,5.769996485097921,88.14906632182769,1.5,28.9647,18.02,0.2723536818284884,0.08206,1.022,298.15,171.0743409152,11.356235351999999,3.0,630.2017398446171,268.335,0.33650520272257956,0.07324255754545358,1.21049,158.5743409152,5.6,6.6271238415878795,12.5,0.522149158579622,6.05,5.62,0.0,0.004617376681119227,3.753964781397746e-06,0.0605,0.0562,0.030741873900720244,0.1,1230.0,5.507544417720072,1203.5225048923678,5.769996485097921,88.14906632182769,1.5,28.9647,18.02,0.2723536818284884,0.08206,1.022,298.15,171.0743409152,11.356235351999999,3.0,630.2017398446171,327.965,0.33650520272257956,0.07324255754545358,1.21049,158.5743409152,5.6,6.6271238415878795,12.5,0.522149158579622,6.05,5.62,0.0,0.004617376681119227,3.753964781397746e-06,0.0605,0.0562,0.030741873900720244,0.1,1230.0,5.507544417720072,1203.5225048923678,5.769996485097921,88.14906632182769,1.5,28.9647,18.02,0.2723536818284884,0.08206,1.022,298.15,171.0743409152,11.356235351999999,3.0,630.2017398446171,298.15,0.33650520272257956
Water Temp (K),2,0.0784359395992594,1.21049,147.24760227840002,5.2,6.153757852903032,12.5,0.522149158579622,6.51,6.1,0.0,0.004428190777089181,3.600155103324537e-06,0.06509999999999999,0.061,0.027371218747078832,0.1,1230.0,11.302868391909985,1203.5225048923678,4.957924785747473,94.39941850008714,1.5,28.9647,18.02,0.13270967580880824,0.08206,1.022,298.15,159.74760227840002,11.356235351999999,3.0,630.2017398446171,268.335,0.3124691168138239,0.0784359395992594,1.21049,147.24760227840002,5.2,6.153757852903032,12.5,0.522149158579622,6.51,6.1,0.0,0.004428190777089181,3.600155103324537e-06,0.06509999999999999,0.061,0.027371218747078832,0.1,1230.0,11.302868391909985,1203.5225048923678,4.957924785747473,94.39941850008714,1.5,28.9647,18.02,0.13270967580880824,0.08206,1.022,298.15,159.74760227840002,11.356235351999999,3.0,630.2017398446171,327.965,0.3124691168138239,0.0784359395992594,1.21049,147.24760227840002,5.2,6.153757852903032,12.5,0.522149158579622,6.51,6.1,0.0,0.004428190777089181,3.600155103324537e-06,0.06509999999999999,0.061,0.027371218747078832,0.1,1230.0,11.302868391909985,1203.5225048923678,4.957924785747473,94.39941850008714,1.5,28.9647,18.02,0.13270967580880824,0.08206,1.022,298.15,159.74760227840002,11.356235351999999,3.0,630.2017398446171,298.15,0.3124691168138239
Water Temp (K),3,0.08442201949141313,1.21049,135.92086364160002,4.8,5.680391864218183,12.5,0.522149158579622,7.0,6.61,0.0,0.004240435310838139,3.447508382795235e-06,0.07,0.0661,0.024189909988911445,0.1,1230.0,15.928048045695409,1203.5225048923678,4.2399212665688815,101.60380036637783,1.5,28.9647,18.02,0.0941734979513311,0.08206,1.022,298.15,148.42086364160002,11.356235351999999,3.0,630.2017398446171,268.335,0.2884330309050682,0.08442201949141313,1.21049,135.92086364160002,4.8,5.680391864218183,12.5,0.522149158579622,7.0,6.61,0.0,0.004240435310838139,3.447508382795235e-06,0.07,0.0661,0.024189909988911445,0.1,1230.0,15.928048045695409,1203.5225048923678,4.2399212665688815,101.60380036637783,1.5,28.9647,18.02,0.0941734979513311,0.08206,1.022,298.15,148.42086364160002,11.356235351999999,3.0,630.2017398446171,327.965,0.2884330309050682,0.08442201949141313,1.21049,135.92086364160002,4.8,5.680391864218183,12.5,0.522149158579622,7.0,6.61,0.0,0.004240435310838139,3.447508382795235e-06,0.07,0.0661,0.024189909988911445,0.1,1230.0,15.928048045695409,1203.5225048923678,4.2399212665688815,101.60380036637783,1.5,28.9647,18.02,0.0941734979513311,0.08206,1.022,298.15,148.42086364160002,11.356235351999999,3.0,630.2017398446171,298.15,0.2884330309050682
Water Temp (K),4,0.0953357848006644,1.21049,118.93075568640002,4.2,4.970342881190911,12.5,0.522149158579622,8.29,7.66,0.0,0.006913701515882198,5.620895541367641e-06,0.08289999999999999,0.0766,0.03460269985055428,0.1,1230.0,9.388098233476148,1203.5225048923678,3.166496423373358,114.73876252917535,1.5,28.9647,18.02,0.15977676870181112,0.08206,1.022,298.15,131.4307556864,11.356235351999999,3.0,630.2017398446171,268.335,0.2523789020419347,0.0953357848006644,1.21049,118.93075568640002,4.2,4.970342881190911,12.5,0.522149158579622,8.29,7.66,0.0,0.006913701515882198,5.620895541367641e-06,0.08289999999999999,0.0766,0.03460269985055428,0.1,1230.0,9.388098233476148,1203.5225048923678,3.166496423373358,114.73876252917535,1.5,28.9647,18.02,0.15977676870181112,0.08206,1.022,298.15,131.4307556864,11.356235351999999,3.0,630.2017398446171,327.965,0.2523789020419347,0.0953357848006644,1.21049,118.93075568640002,4.2,4.970342881190911,12.5,0.522149158579622,8.29,7.66,0.0,0.006913701515882198,5.620895541367641e-06,0.08289999999999999,0.0766,0.03460269985055428,0.1,1230.0,9.388098233476148,1203.5225048923678,3.166496423373358,114.73876252917535,1.5,28.9647,18.02,0.15977676870181112,0.08206,1.022,298.15,131.4307556864,11.356235351999999,3.0,630.2017398446171,298.15,0.2523789020419347
Water Temp (K),5,0.10432713460337573,1.21049,107.60401704960002,3.8,4.496976892506062,12.5,0.522149158579622,8.91,8.22,0.0,0.007642312212980932,6.213261961773116e-06,0.0891,0.08220000000000001,0.034631969752491165,0.1,1230.0,10.09774396335529,1203.5225048923678,2.6676360095884717,125.56005436609797,1.5,28.9647,18.02,0.14854803265397692,0.08206,1.022,298.15,120.10401704960002,11.356235351999999,3.0,630.2017398446171,268.335,0.228342816133179,0.10432713460337573,1.21049,107.60401704960002,3.8,4.496976892506062,12.5,0.522149158579622,8.91,8.22,0.0,0.007642312212980932,6.213261961773116e-06,0.0891,0.08220000000000001,0.034631969752491165,0.1,1230.0,10.09774396335529,1203.5225048923678,2.6676360095884717,125.56005436609797,1.5,28.9647,18.02,0.14854803265397692,0.08206,1.022,298.15,120.10401704960002,11.356235351999999,3.0,630.2017398446171,327.965,0.228342816133179,0.10432713460337573,1.21049,107.60401704960002,3.8,4.496976892506062,12.5,0.522149158579622,8.91,8.22,0.0,0.007642312212980932,6.213261961773116e-06,0.0891,0.08220000000000001,0.034631969752491165,0.1,1230.0,10.09774396335529,1203.5225048923678,2.6676360095884717,125.56005436609797,1.5,28.9647,18.02,0.14854803265397692,0.08206,1.022,298.15,120.10401704960002,11.356235351999999,3.0,630.2017398446171,298.15,0.228342816133179
Air Density @25C and 1.02 atm (kg/m^3),1,0.08072552930910934,1.089441,158.5743409152,5.6,5.964411457429092,12.5,0.522149158579622,6.05,5.62,0.0,0.004654672425468729,3.7842865247713245e-06,0.0605,0.0562,0.02789221064883746,0.1,1230.0,8.331409219549265,1203.5225048923678,5.769999486405092,97.15499124286153,1.5,28.9647,18.02,0.18004157045609037,0.08206,1.022,298.15,171.0743409152,11.356235351999999,3.0,630.2017398446171,298.15,0.33650520272257956,0.0670291882744074,1.3315390000000003,158.5743409152,5.6,7.28983622574667,12.5,0.522149158579622,6.05,5.62,0.0,0.0045868599022412535,3.7291543920660596e-06,0.0605,0.0562,0.03359153715260304,0.1,1230.0,20.35335029497952,1203.5225048923678,5.76999402931798,80.67113657291692,1.5,28.9647,18.02,0.07369794054839213,0.08206,1.022,298.15,171.0743409152,11.356235351999999,3.0,630.2017398446171,298.15,0.33650520272257956,0.07324255754545358,1.21049,158.5743409152,5.6,6.6271238415878795,12.5,0.522149158579622,6.05,5.62,0.0,0.004617376681119227,3.753964781397746e-06,0.0605,0.0562,0.030741873900720244,0.1,1230.0,5.507544417720072,1203.5225048923678,5.769996485097921,88.14906632182769,1.5,28.9647,18.02,0.2723536818284884,0.08206,1.022,298.15,171.0743409152,11.356235351999999,3.0,630.2017398446171,298.15,0.33650520272257956
Air Density @25C and 1.02 atm (kg/m^3),2,0.08640018829700963,1.089441,147.24760227840002,5.2,5.53838206761273,12.5,0.522149158579622,6.51,6.1,0.0,0.004466501821825911,3.631302294167407e-06,0.06509999999999999,0.061,0.024848178027388597,0.1,1230.0,12.787660342034307,1203.5225048923678,4.95792723687002,103.98457104238926,1.5,28.9647,18.02,0.11730058195785442,0.08206,1.022,298.15,159.74760227840002,11.356235351999999,3.0,630.2017398446171,298.15,0.3124691168138239,0.07181603755030311,1.3315390000000003,147.24760227840002,5.2,6.7691336381933365,12.5,0.522149158579622,6.51,6.1,0.0,0.0043968431835758786,3.5746692549397385e-06,0.06509999999999999,0.061,0.029894259466769074,0.1,1230.0,9.549053686944545,1203.5225048923678,4.957922780145051,86.43221740398513,1.5,28.9647,18.02,0.1570836283024357,0.08206,1.022,298.15,159.74760227840002,11.356235351999999,3.0,630.2017398446171,298.15,0.3124691168138239,0.0784359395992594,1.21049,147.24760227840002,5.2,6.153757852903032,12.5,0.522149158579622,6.51,6.1,0.0,0.004428190777089181,3.600155103324537e-06,0.06509999999999999,0.061,0.027371218747078832,0.1,1230.0,11.302868391909985,1203.5225048923678,4.957924785747473,94.39941850008714,1.5,28.9647,18.02,0.13270967580880824,0.08206,1.022,298.15,159.74760227840002,11.356235351999999,3.0,630.2017398446171,298.15,0.3124691168138239
Air Density @25C and 1.02 atm (kg/m^3),3,0.09293297869607513,1.089441,135.92086364160002,4.8,5.112352677796365,12.5,0.522149158579622,7.0,6.61,0.0,0.004279929220764816,3.479617252654322e-06,0.07,0.0661,0.021974557161866356,0.1,1230.0,17.068864756283368,1203.5225048923678,4.239923268341566,111.84693130740939,1.5,28.9647,18.02,0.08787930664503167,0.08206,1.022,298.15,148.42086364160002,11.356235351999999,3.0,630.2017398446171,298.15,0.2884330309050682,0.07733916783230596,1.3315390000000003,135.92086364160002,4.8,6.248431050640003,12.5,0.522149158579622,7.0,6.61,0.0,0.004208119781440713,3.4212355946672465e-06,0.07,0.0661,0.026405262815956544,0.1,1230.0,14.703907733957138,1203.5225048923678,4.239919628638147,93.07942899582811,1.5,28.9647,18.02,0.10201369779653247,0.08206,1.022,298.15,148.42086364160002,11.356235351999999,3.0,630.2017398446171,298.15,0.2884330309050682,0.08442201949141313,1.21049,135.92086364160002,4.8,5.680391864218183,12.5,0.522149158579622,7.0,6.61,0.0,0.004240435310838139,3.447508382795235e-06,0.07,0.0661,0.024189909988911445,0.1,1230.0,15.928048045695409,1203.5225048923678,4.2399212665688815,101.60380036637783,1.5,28.9647,18.02,0.0941734979513311,0.08206,1.022,298.15,148.42086364160002,11.356235351999999,3.0,630.2017398446171,298.15,0.2884330309050682
Air Density @25C and 1.02 atm (kg/m^3),4,0.10482143282060973,1.089441,118.93075568640002,4.2,4.47330859307182,12.5,0.522149158579622,8.29,7.66,0.0,0.006986219970061851,5.6798536341966275e-06,0.08289999999999999,0.0766,0.031471383835404015,0.1,1230.0,10.569927938741232,1203.5225048923678,3.1664987669265385,126.15495339466727,1.5,28.9647,18.02,0.14191203655250598,0.08206,1.022,298.15,131.4307556864,11.356235351999999,3.0,630.2017398446171,298.15,0.2523789020419347,0.08742444902273672,1.3315390000000003,118.93075568640002,4.2,5.4673771693100015,12.5,0.522149158579622,8.29,7.66,0.0,0.006854360356483916,5.572650696328387e-06,0.08289999999999999,0.0766,0.037734015865704545,0.1,1230.0,8.006749755643092,1203.5225048923678,3.166494505668737,105.21729187667921,1.5,28.9647,18.02,0.18734193596381754,0.08206,1.022,298.15,131.4307556864,11.356235351999999,3.0,630.2017398446171,298.15,0.2523789020419347,0.0953357848006644,1.21049,118.93075568640002,4.2,4.970342881190911,12.5,0.522149158579622,8.29,7.66,0.0,0.006913701515882198,5.620895541367641e-06,0.08289999999999999,0.0766,0.03460269985055428,0.1,1230.0,9.388098233476148,1203.5225048923678,3.166496423373358,114.73876252917535,1.5,28.9647,18.02,0.15977676870181112,0.08206,1.022,298.15,131.4307556864,11.356235351999999,3.0,630.2017398446171,298.15,0.2523789020419347
Air Density @25C and 1.02 atm (kg/m^3),5,0.11459443012531138,1.089441,107.60401704960002,3.8,4.047279203255456,12.5,0.522149158579622,8.91,8.22,0.0,0.0077299676020470935,6.284526505729344e-06,0.0891,0.08220000000000001,0.031529055696661985,0.1,1230.0,11.082705684790104,1203.5225048923678,2.6676382317458702,137.91697559112816,1.5,28.9647,18.02,0.13534601050162315,0.08206,1.022,298.15,120.10401704960002,11.356235351999999,3.0,630.2017398446171,298.15,0.228342816133179,0.09574838465917107,1.3315390000000003,107.60401704960002,3.8,4.946674581756668,12.5,0.522149158579622,8.91,8.22,0.0,0.007570582647556033,6.154945241915474e-06,0.0891,0.08220000000000001,0.037734883808320345,0.1,1230.0,9.001071054613789,1203.5225048923678,2.667634191170399,115.23533574440353,1.5,28.9647,18.02,0.16664683468209338,0.08206,1.022,298.15,120.10401704960002,11.356235351999999,3.0,630.2017398446171,298.15,0.228342816133179,0.10432713460337573,1.21049,107.60401704960002,3.8,4.496976892506062,12.5,0.522149158579622,8.91,8.22,0.0,0.007642312212980932,6.213261961773116e-06,0.0891,0.08220000000000001,0.034631969752491165,0.1,1230.0,10.09774396335529,1203.5225048923678,2.6676360095884717,125.56005436609797,1.5,28.9647,18.02,0.14854803265397692,0.08206,1.022,298.15,120.10401704960002,11.356235351999999,3.0,630.2017398446171,298.15,0.228342816133179
Molar Mass Air (g/mol),1,0.06640328000873083,1.21049,158.5743409152,5.6,7.363470935097644,12.5,0.522149158579622,6.05,5.62,0.0,0.004583808121437825,3.7266732694616462e-06,0.0605,0.0562,0.03390816640281223,0.1,1230.0,20.353351160487403,1203.5225048923678,5.769993783731831,79.91784188917703,1.5,26.06823,18.02,0.07369793741445374,0.08206,1.022,298.15,171.0743409152,11.356235351999999,3.0,630.2017398446171,298.15,0.33650520272257956,0.07998265771625601,1.21049,158.5743409152,5.6,6.024658037807162,12.5,0.522149158579622,6.05,5.62,0.0,0.004650942976802499,3.7812544526849588e-06,0.0605,0.0562,0.028151270944463163,0.1,1230.0,8.13448051607301,1203.5225048923678,5.769999186284344,96.26092856261731,1.5,31.861170000000005,18.02,0.18440022039958587,0.08206,1.022,298.15,171.0743409152,11.356235351999999,3.0,630.2017398446171,298.15,0.33650520272257956,0.07324255754545358,1.21049,158.5743409152,5.6,6.6271238415878795,12.5,0.522149158579622,6.05,5.62,0.0,0.004617376681119227,3.753964781397746e-06,0.0605,0.0562,0.030741873900720244,0.1,1230.0,5.507544417720072,1203.5225048923678,5.769996485097921,88.14906632182769,1.5,28.9647,18.02,0.2723536818284884,0.08206,1.022,298.15,171.0743409152,11.356235351999999,3.0,630.2017398446171,298.15,0.33650520272257956
Molar Mass Air (g/mol),2,0.07114882884153556,1.21049,147.24760227840002,5.2,6.8375087254478135,12.5,0.522149158579622,6.51,6.1,0.0,0.00439370831564954,3.5721205818288942e-06,0.06509999999999999,0.061,0.03017459732451243,0.1,1230.0,9.32769111364002,1203.5225048923678,4.957922579577951,85.62921670752323,1.5,26.06823,18.02,0.1608115000513394,0.08206,1.022,298.15,159.74760227840002,11.356235351999999,3.0,630.2017398446171,298.15,0.3124691168138239,0.08560994423935597,1.21049,147.24760227840002,5.2,5.594325320820937,12.5,0.522149158579622,6.51,6.1,0.0,0.004462670850036551,3.6281876829565452e-06,0.06509999999999999,0.061,0.02507754536554225,0.1,1230.0,12.660297090284434,1203.5225048923678,4.9579269917661515,103.03349453464564,1.5,31.861170000000005,18.02,0.11848063195539908,0.08206,1.022,298.15,159.74760227840002,11.356235351999999,3.0,630.2017398446171,298.15,0.3124691168138239,0.0784359395992594,1.21049,147.24760227840002,5.2,6.153757852903032,12.5,0.522149158579622,6.51,6.1,0.0,0.004428190777089181,3.600155103324537e-06,0.06509999999999999,0.061,0.027371218747078832,0.1,1230.0,11.302868391909985,1203.5225048923678,4.957924785747473,94.39941850008714,1.5,28.9647,18.02,0.13270967580880824,0.08206,1.022,298.15,159.74760227840002,11.356235351999999,3.0,630.2017398446171,298.15,0.3124691168138239
Molar Mass Air (g/mol),3,0.07662486948112697,1.21049,135.92086364160002,4.8,6.311546515797982,12.5,0.522149158579622,7.0,6.61,0.0,0.004204888113139135,3.418608222064337e-06,0.07,0.0661,0.02665141313007266,0.1,1230.0,14.561597319089007,1203.5225048923678,4.2399194648393,92.21975485497667,1.5,26.06823,18.02,0.10301067713454955,0.08206,1.022,298.15,148.42086364160002,11.356235351999999,3.0,630.2017398446171,298.15,0.2884330309050682,0.09208898775337467,1.21049,135.92086364160002,4.8,5.1639926038347115,12.5,0.522149158579622,7.0,6.61,0.0,0.004275979970749714,3.4764064802843207e-06,0.07,0.0661,0.022175952873415904,0.1,1230.0,16.968047694685648,1203.5225048923678,4.239923068171357,110.83116921394407,1.5,31.861170000000005,18.02,0.08840144882842334,0.08206,1.022,298.15,148.42086364160002,11.356235351999999,3.0,630.2017398446171,298.15,0.2884330309050682,0.08442201949141313,1.21049,135.92086364160002,4.8,5.680391864218183,12.5,0.522149158579622,7.0,6.61,0.0,0.004240435310838139,3.447508382795235e-06,0.07,0.0661,0.024189909988911445,0.1,1230.0,15.928048045695409,1203.5225048923678,4.2399212665688815,101.60380036637783,1.5,28.9647,18.02,0.0941734979513311,0.08206,1.022,298.15,148.42086364160002,11.356235351999999,3.0,630.2017398446171,298.15,0.2884330309050682
Molar Mass Air (g/mol),4,0.08662572227050522,1.21049,118.93075568640002,4.2,5.522603201323234,12.5,0.522149158579622,8.29,7.66,0.0,0.006848425850494032,5.567825894710595e-06,0.08289999999999999,0.0766,0.03808193986738791,0.1,1230.0,7.834188835498841,1203.5225048923678,3.166494313885795,104.25600625510901,1.5,26.06823,18.02,0.1914684508500857,0.08206,1.022,298.15,131.4307556864,11.356235351999999,3.0,630.2017398446171,298.15,0.2523789020419347,0.10388180072357482,1.21049,118.93075568640002,4.2,4.518493528355372,12.5,0.522149158579622,8.29,7.66,0.0,0.0069789686012457835,5.673958212394946e-06,0.08289999999999999,0.0766,0.03175604892769039,0.1,1230.0,10.468260949811988,1203.5225048923678,3.166498532586465,125.02408501956656,1.5,31.861170000000005,18.02,0.1432902759294456,0.08206,1.022,298.15,131.4307556864,11.356235351999999,3.0,630.2017398446171,298.15,0.2523789020419347,0.0953357848006644,1.21049,118.93075568640002,4.2,4.970342881190911,12.5,0.522149158579622,8.29,7.66,0.0,0.006913701515882198,5.620895541367641e-06,0.08289999999999999,0.0766,0.03460269985055428,0.1,1230.0,9.388098233476148,1203.5225048923678,3.166496423373358,114.73876252917535,1.5,28.9647,18.02,0.15977676870181112,0.08206,1.022,298.15,131.4307556864,11.356235351999999,3.0,630.2017398446171,298.15,0.2523789020419347
Molar Mass Air (g/mol),5,0.09488149120852483,1.21049,107.60401704960002,3.8,4.996640991673402,12.5,0.522149158579622,8.91,8.22,0.0,0.007563409120686473,6.149113106249165e-06,0.0891,0.08220000000000001,0.038079652036745806,0.1,1230.0,8.869879270419503,1203.5225048923678,2.6676340093142747,114.19200996720699,1.5,26.06823,18.02,0.16911165916343493,0.08206,1.022,298.15,120.10401704960002,11.356235351999999,3.0,630.2017398446171,298.15,0.228342816133179,0.11357827185939616,1.21049,107.60401704960002,3.8,4.088160811369146,12.5,0.522149158579622,8.91,8.22,0.0,0.0077212027599841354,6.277400617873281e-06,0.0891,0.08220000000000001,0.03181113879264645,0.1,1230.0,10.99674092545213,1203.5225048923678,2.6676380095476255,136.6940062495668,1.5,31.861170000000005,18.02,0.136404050087988,0.08206,1.022,298.15,120.10401704960002,11.356235351999999,3.0,630.2017398446171,298.15,0.228342816133179,0.10432713460337573,1.21049,107.60401704960002,3.8,4.496976892506062,12.5,0.522149158579622,8.91,8.22,0.0,0.007642312212980932,6.213261961773116e-06,0.0891,0.08220000000000001,0.034631969752491165,0.1,1230.0,10.09774396335529,1203.5225048923678,2.6676360095884717,125.56005436609797,1.5,28.9647,18.02,0.14854803265397692,0.08206,1.022,298.15,120.10401704960002,11.356235351999999,3.0,630.2017398446171,298.15,0.228342816133179
Molar Mass Water (g/mol),1,0.08138061949494842,1.21049,158.5743409152,5.6,6.6271238415878795,12.5,0.522149158579622,6.05,5.62,0.0,0.004617376681119227,3.753964781397746e-06,0.0605,0.0562,0.030741873900720244,0.1,1230.0,8.49713335085285,1203.5225048923678,5.769996485097921,97.94340702425298,1.5,28.9647,16.218,0.17653012352094558,0.08206,1.022,298.15,171.0743409152,11.356235351999999,3.0,700.2241553829078,298.15,0.33650520272257956,0.0665841432231396,1.21049,158.5743409152,5.6,6.6271238415878795,12.5,0.522149158579622,6.05,5.62,0.0,0.004617376681119227,3.753964781397746e-06,0.0605,0.0562,0.030741873900720244,0.1,1230.0,20.353341640192546,1203.5225048923678,5.769996485097921,80.13551483802516,1.5,28.9647,19.822000000000003,0.07369797188673387,0.08206,1.022,298.15,171.0743409152,11.356235351999999,3.0,572.9106725860155,298.15,0.33650520272257956,0.07324255754545358,1.21049,158.5743409152,5.6,6.6271238415878795,12.5,0.522149158579622,6.05,5.62,0.0,0.004617376681119227,3.753964781397746e-06,0.0605,0.0562,0.030741873900720244,0.1,1230.0,5.507544417720072,1203.5225048923678,5.769996485097921,88.14906632182769,1.5,28.9647,18.02,0.2723536818284884,0.08206,1.022,298.15,171.0743409152,11.356235351999999,3.0,630.2017398446171,298.15,0.33650520272257956
Molar Mass Water (g/mol),2,0.0871510439991771,1.21049,147.24760227840002,5.2,6.153757852903032,12.5,0.522149158579622,6.51,6.1,0.0,0.004428190777089181,3.600155103324537e-06,0.06509999999999999,0.061,0.027371218747078832,0.1,1230.0,12.905378696147698,1203.5225048923678,4.957924785747473,104.88824277787458,1.5,28.9647,16.218,0.11623060704508852,0.08206,1.022,298.15,159.74760227840002,11.356235351999999,3.0,700.2241553829078,298.15,0.3124691168138239,0.07130539963569035,1.21049,147.24760227840002,5.2,6.153757852903032,12.5,0.522149158579622,6.51,6.1,0.0,0.004428190777089181,3.600155103324537e-06,0.06509999999999999,0.061,0.027371218747078832,0.1,1230.0,9.380650881411272,1203.5225048923678,4.957924785747473,85.81765318189738,1.5,28.9647,19.822000000000003,0.15990361638683354,0.08206,1.022,298.15,159.74760227840002,11.356235351999999,3.0,572.9106725860155,298.15,0.3124691168138239,0.0784359395992594,1.21049,147.24760227840002,5.2,6.153757852903032,12.5,0.522149158579622,6.51,6.1,0.0,0.004428190777089181,3.600155103324537e-06,0.06509999999999999,0.061,0.027371218747078832,0.1,1230.0,11.302868391909985,1203.5225048923678,4.957924785747473,94.39941850008714,1.5,28.9647,18.02,0.13270967580880824,0.08206,1.022,298.15,159.74760227840002,11.356235351999999,3.0,630.2017398446171,298.15,0.3124691168138239
Molar Mass Water (g/mol),3,0.09380224387934791,1.21049,135.92086364160002,4.8,5.680391864218183,12.5,0.522149158579622,7.0,6.61,0.0,0.004240435310838139,3.447508382795235e-06,0.07,0.0661,0.024189909988911445,0.1,1230.0,17.170266511550825,1203.5225048923678,4.2399212665688815,112.89311151819757,1.5,28.9647,16.218,0.08736032134334759,0.08206,1.022,298.15,148.42086364160002,11.356235351999999,3.0,700.2241553829078,298.15,0.2884330309050682,0.07674729044673918,1.21049,135.92086364160002,4.8,5.680391864218183,12.5,0.522149158579622,7.0,6.61,0.0,0.004240435310838139,3.447508382795235e-06,0.07,0.0661,0.024189909988911445,0.1,1230.0,14.586276352832137,1203.5225048923678,4.2399212665688815,92.36709124216164,1.5,28.9647,19.822000000000003,0.10283638974855658,0.08206,1.022,298.15,148.42086364160002,11.356235351999999,3.0,572.9106725860155,298.15,0.2884330309050682,0.08442201949141313,1.21049,135.92086364160002,4.8,5.680391864218183,12.5,0.522149158579622,7.0,6.61,0.0,0.004240435310838139,3.447508382795235e-06,0.07,0.0661,0.024189909988911445,0.1,1230.0,15.928048045695409,1203.5225048923678,4.2399212665688815,101.60380036637783,1.5,28.9647,18.02,0.0941734979513311,0.08206,1.022,298.15,148.42086364160002,11.356235351999999,3.0,630.2017398446171,298.15,0.2884330309050682
Molar Mass Water (g/mol),4,0.105928649778516,1.21049,118.93075568640002,4.2,4.970342881190911,12.5,0.522149158579622,8.29,7.66,0.0,0.006913701515882198,5.620895541367641e-06,0.08289999999999999,0.0766,0.03460269985055428,0.1,1230.0,10.68619647126958,1203.5225048923678,3.166496423373358,127.48751392130593,1.5,28.9647,16.218,0.14036799754083049,0.08206,1.022,298.15,131.4307556864,11.356235351999999,3.0,700.2241553829078,298.15,0.2523789020419347,0.08666889527333126,1.21049,118.93075568640002,4.2,4.970342881190911,12.5,0.522149158579622,8.29,7.66,0.0,0.006913701515882198,5.620895541367641e-06,0.08289999999999999,0.0766,0.03460269985055428,0.1,1230.0,7.843727390312006,1203.5225048923678,3.166496423373358,104.30796593561394,1.5,28.9647,19.822000000000003,0.19123561099952166,0.08206,1.022,298.15,131.4307556864,11.356235351999999,3.0,572.9106725860155,298.15,0.2523789020419347,0.0953357848006644,1.21049,118.93075568640002,4.2,4.970342881190911,12.5,0.522149158579622,8.29,7.66,0.0,0.006913701515882198,5.620895541367641e-06,0.08289999999999999,0.0766,0.03460269985055428,0.1,1230.0,9.388098233476148,1203.5225048923678,3.166496423373358,114.73876252917535,1.5,28.9647,18.02,0.15977676870181112,0.08206,1.022,298.15,131.4307556864,11.356235351999999,3.0,630.2017398446171,298.15,0.2523789020419347
Molar Mass Water (g/mol),5,0.11591903844819523,1.21049,107.60401704960002,3.8,4.496976892506062,12.5,0.522149158579622,8.91,8.22,0.0,0.007642312212980932,6.213261961773116e-06,0.0891,0.08220000000000001,0.034631969752491165,0.1,1230.0,11.191586579632729,1203.5225048923678,2.6676360095884717,139.51117151788662,1.5,28.9647,16.218,0.13402925396921025,0.08206,1.022,298.15,120.10401704960002,11.356235351999999,3.0,700.2241553829078,298.15,0.228342816133179,0.09484284963943246,1.21049,107.60401704960002,3.8,4.496976892506062,12.5,0.522149158579622,8.91,8.22,0.0,0.007642312212980932,6.213261961773116e-06,0.0891,0.08220000000000001,0.034631969752491165,0.1,1230.0,8.863922772309962,1203.5225048923678,2.6676360095884717,114.14550396917996,1.5,28.9647,19.822000000000003,0.16922530109195616,0.08206,1.022,298.15,120.10401704960002,11.356235351999999,3.0,572.9106725860155,298.15,0.228342816133179,0.10432713460337573,1.21049,107.60401704960002,3.8,4.496976892506062,12.5,0.522149158579622,8.91,8.22,0.0,0.007642312212980932,6.213261961773116e-06,0.0891,0.08220000000000001,0.034631969752491165,0.1,1230.0,10.09774396335529,1203.5225048923678,2.6676360095884717,125.56005436609797,1.5,28.9647,18.02,0.14854803265397692,0.08206,1.022,298.15,120.10401704960002,11.356235351999999,3.0,630.2017398446171,298.15,0.228342816133179
